"","ds","district","y","yhat","yhat_lower","yhat_upper"
"1",2012-09-30 17:00:00,1,-28.62,-28.6013039442603,-28.693021523552,-28.5003741590908
"2",2012-09-30 17:00:00,2,17.46,17.9561970379339,17.5229014973817,18.4126918288101
"3",2012-09-30 17:00:00,3,32.24,32.7314170714657,32.207542809059,33.2400741474734
"4",2012-09-30 17:00:00,4,16.21,16.0589263764462,15.6376145682076,16.484542599925
"5",2012-09-30 17:00:00,5,-18.63,-18.8598226618001,-19.15507157683,-18.5594740687224
"6",2012-09-30 17:00:00,6,-10.65,-10.5126035537693,-10.9759909986523,-10.1159549245146
"7",2012-09-30 17:00:00,7,33.23,33.2299999999973,33.2299999989263,33.2300000011598
"8",2012-09-30 17:00:00,8,6.5,6.53962793434887,6.3652231737553,6.70850365797971
"9",2012-09-30 17:00:00,9,3.93,4.09320687107875,3.5748763331652,4.60400781537718
"10",2012-09-30 17:00:00,10,3.42,3.20901841163698,2.52929013667034,3.83506996711684
"11",2012-09-30 17:00:00,11,-13.25,-13.2279561334143,-13.2922730905829,-13.1678495636388
"12",2012-09-30 17:00:00,12,-28.34,-28.2703091269903,-28.3799109216306,-28.1672583750932
"13",2012-09-30 17:00:00,13,-16.98,-16.9077236606626,-17.0215528952524,-16.7964473322674
"14",2012-09-30 17:00:00,14,-11.49,-11.5153327942803,-11.5559673381681,-11.4785807770499
"15",2012-09-30 17:00:00,15,-21.2,-21.1367812767449,-21.268126534198,-21.0120458453479
"16",2012-09-30 17:00:00,16,-17.76,-17.82596342325,-17.9123258739446,-17.7347635995998
"17",2012-09-30 17:00:00,17,-14.79,-14.4770895262205,-14.6766978584695,-14.2790649873415
"18",2012-09-30 17:00:00,18,-8.56,-8.21530216744767,-8.61690692915283,-7.76987806997726
"19",2012-09-30 17:00:00,19,21.96,22.4481950436915,21.9996245873419,22.8761694290177
"20",2012-09-30 17:00:00,20,-10.02,-9.62065569032775,-9.89106833567504,-9.33695511348478
"21",2012-09-30 17:00:00,21,-10.13,-10.0371835669188,-10.1100835847674,-9.96512741915445
"22",2012-09-30 17:00:00,22,-23.58,-23.5799999999976,-23.5800000005797,-23.579999999332
"23",2012-09-30 17:00:00,23,-24.81,-24.7387339515519,-24.8520880654061,-24.6200484519476
"24",2012-09-30 17:00:00,24,15.06,15.5079397036881,15.0284451391896,15.9969766120548
"25",2012-09-30 17:00:00,25,-26.08,-26.0469204963847,-26.1449829725725,-25.9577630194114
"26",2012-09-30 17:00:00,26,7.08,7.42930399942409,6.89368233797782,7.9510052581031
"27",2012-09-30 17:00:00,27,33.78,34.1320812415007,33.8133965971308,34.4097807137847
"28",2012-09-30 17:00:00,28,-12.37,-11.9971969952969,-12.3765055430447,-11.6234902316028
"29",2012-09-30 17:00:00,29,19.71,20.3342458843141,19.6712480446597,20.9874595912606
"30",2012-09-30 17:00:00,30,15.89,16.6612715797209,16.0776448595954,17.213029810321
"31",2012-12-31 17:00:00,1,-28.56,-28.5853355299694,-28.6749373098667,-28.4940131840859
"32",2012-12-31 17:00:00,2,17.6,17.9165429031524,17.4321061772836,18.3540702615401
"33",2012-12-31 17:00:00,3,32.52,32.803824595774,32.281573561379,33.337456982051
"34",2012-12-31 17:00:00,4,15.74,15.8254834852368,15.4187320632257,16.2490013274894
"35",2012-12-31 17:00:00,5,-18.69,-18.8951528204615,-19.2017964035474,-18.5692962673436
"36",2012-12-31 17:00:00,6,-10.38,-10.5496345866146,-11.0277747990014,-10.0913390204508
"37",2012-12-31 17:00:00,7,33.43,33.4300000000086,33.429999998901,33.4300000011218
"38",2012-12-31 17:00:00,8,6.75,6.57556220646672,6.40384974750566,6.72848881662752
"39",2012-12-31 17:00:00,9,4.20999999999999,4.1035683715465,3.59538552683854,4.61401136202874
"40",2012-12-31 17:00:00,10,3.55,3.23533371573982,2.62798684183028,3.89348816775108
"41",2012-12-31 17:00:00,11,-13.03,-13.0073683135537,-13.0699846562238,-12.9442851920185
"42",2012-12-31 17:00:00,12,-28.08,-28.075325277909,-28.1829062099048,-27.9646560815125
"43",2012-12-31 17:00:00,13,-16.8,-16.7702670469832,-16.8715612825632,-16.6588201131746
"44",2012-12-31 17:00:00,14,-11.52,-11.4821216597099,-11.5212880737644,-11.4430044622139
"45",2012-12-31 17:00:00,15,-21.02,-21.0048966144302,-21.127214307072,-20.8762716962218
"46",2012-12-31 17:00:00,16,-17.76,-17.7376563964648,-17.832237995646,-17.6512494926939
"47",2012-12-31 17:00:00,17,-14.26,-14.2049532418289,-14.3849461927734,-14.0196830779545
"48",2012-12-31 17:00:00,18,-7.98,-8.01015972015065,-8.47953458466915,-7.57534751296924
"49",2012-12-31 17:00:00,19,22.51,22.6963598463734,22.2349921383354,23.1364746994878
"50",2012-12-31 17:00:00,20,-9.55,-9.4749360685955,-9.73080033470607,-9.19964885091386
"51",2012-12-31 17:00:00,21,-9.92,-9.94303373732795,-10.0188960215874,-9.8682116488108
"52",2012-12-31 17:00:00,22,-23.48,-23.4800000000009,-23.4800000006241,-23.4799999993846
"53",2012-12-31 17:00:00,23,-24.56,-24.5452299205361,-24.6693193953963,-24.4202577098021
"54",2012-12-31 17:00:00,24,15.46,15.4954704521937,14.9424672405108,15.9645487088818
"55",2012-12-31 17:00:00,25,-25.69,-25.6424517552642,-25.7364227995793,-25.5453004088149
"56",2012-12-31 17:00:00,26,7.57,7.55109935518145,7.0755990287825,8.06581798109744
"57",2012-12-31 17:00:00,27,34.12,34.1796075547785,33.8431339136348,34.4878169209633
"58",2012-12-31 17:00:00,28,-11.9,-11.8305707487505,-12.1740151016647,-11.4795450218177
"59",2012-12-31 17:00:00,29,20.3,20.476723075659,19.8423515914359,21.0864228758353
"60",2012-12-31 17:00:00,30,16.5,16.7680835188794,16.1921479970393,17.3429169121881
"61",2013-03-31 17:00:00,1,-28.51,-28.4333136322565,-28.5175850436952,-28.3343652573494
"62",2013-03-31 17:00:00,2,17.76,17.3607272474179,16.9289343279419,17.8288554027138
"63",2013-03-31 17:00:00,3,32.39,32.1658709190096,31.652198315171,32.7235988971068
"64",2013-03-31 17:00:00,4,15.69,15.1023553232929,14.6738832224768,15.5198877029611
"65",2013-03-31 17:00:00,5,-18.95,-18.6164603912661,-18.9416887440909,-18.3075970520647
"66",2013-03-31 17:00:00,6,-10.22,-10.8772984745374,-11.3592682860737,-10.4424101993521
"67",2013-03-31 17:00:00,7,33.64,33.6399999999911,33.6399999988358,33.6400000010948
"68",2013-03-31 17:00:00,8,6.47,6.62945352332326,6.45123576806518,6.81239664704829
"69",2013-03-31 17:00:00,9,4.22,3.68205052257172,3.19295677063534,4.17982760749309
"70",2013-03-31 17:00:00,10,3.54000000000001,2.71706901068242,2.11099988681939,3.38088275367059
"71",2013-03-31 17:00:00,11,-12.87,-12.8972367359124,-12.9603272905795,-12.8325676447621
"72",2013-03-31 17:00:00,12,-27.92,-28.0063309573992,-28.124294720519,-27.8905527556239
"73",2013-03-31 17:00:00,13,-16.68,-16.7356811622457,-16.8330607731129,-16.6200509124846
"74",2013-03-31 17:00:00,14,-11.47,-11.4465082176536,-11.4897987567788,-11.4080921230906
"75",2013-03-31 17:00:00,15,-20.93,-21.0293441756291,-21.1604996935272,-20.9088127102454
"76",2013-03-31 17:00:00,16,-17.65,-17.5806769937624,-17.6650174626907,-17.4953244325132
"77",2013-03-31 17:00:00,17,-14.11,-14.400752681137,-14.5927512837412,-14.2126889901655
"78",2013-03-31 17:00:00,18,-7.91,-8.5415587978284,-8.98608597523251,-8.09585857247772
"79",2013-03-31 17:00:00,19,22.62,21.7873427482423,21.3511317762156,22.242615284101
"80",2013-03-31 17:00:00,20,-9.33,-9.67421018627761,-9.92191668395924,-9.39342903119312
"81",2013-03-31 17:00:00,21,-9.88,-9.93388400734199,-10.0048394179309,-9.86403191236779
"82",2013-03-31 17:00:00,22,-23.38,-23.3799999999971,-23.3800000006384,-23.379999999386
"83",2013-03-31 17:00:00,23,-24.41,-24.5000598925395,-24.6306952250302,-24.3781936241777
"84",2013-03-31 17:00:00,24,15.6,14.7398307397364,14.22408175421,15.2301974676691
"85",2013-03-31 17:00:00,25,-25.26,-25.3609815480756,-25.4583690359196,-25.2726642035743
"86",2013-03-31 17:00:00,26,7.69,6.78426071414221,6.28477031129894,7.2687502113341
"87",2013-03-31 17:00:00,27,34.09,33.4505239282549,33.1278778044098,33.7631065779999
"88",2013-03-31 17:00:00,28,-11.67,-12.1932389662135,-12.5483717249179,-11.846490881625
"89",2013-03-31 17:00:00,29,20.34,19.2705315797097,18.6583691623671,19.894483000981
"90",2013-03-31 17:00:00,30,16.67,15.7811269932695,15.2333449213178,16.3388990328849
"91",2013-06-30 17:00:00,1,-28.48,-28.5788612243101,-28.6665991857859,-28.4873219973763
"92",2013-06-30 17:00:00,2,17.77,17.2353109379126,16.8152802088562,17.6775000613862
"93",2013-06-30 17:00:00,3,32.17,31.6608286129446,31.1142691103411,32.1913892076928
"94",2013-06-30 17:00:00,4,15.53,15.2072777027485,14.8167236096135,15.627006559549
"95",2013-06-30 17:00:00,5,-19.66,-19.2610561604295,-19.5765942179188,-18.9249446468717
"96",2013-06-30 17:00:00,6,-10.24,-10.8515203789467,-11.3138245736303,-10.4120166170325
"97",2013-06-30 17:00:00,7,33.43,33.430000000003,33.4299999988817,33.4300000010969
"98",2013-06-30 17:00:00,8,6.05,6.1844478336446,6.01898998107636,6.35225293710212
"99",2013-06-30 17:00:00,9,4.32,3.98251879780734,3.48716790518541,4.48568374188586
"100",2013-06-30 17:00:00,10,3.57,3.00545729842423,2.40893819755369,3.62385093062138
"101",2013-06-30 17:00:00,11,-12.77,-12.7878012013628,-12.8489531005344,-12.7284488347704
"102",2013-06-30 17:00:00,12,-27.84,-27.8220833589284,-27.9251405799856,-27.7099812098997
"103",2013-06-30 17:00:00,13,-16.75,-16.8000239794128,-16.9065424750678,-16.6887177494157
"104",2013-06-30 17:00:00,14,-11.55,-11.5805286221866,-11.6239169739888,-11.5391963194845
"105",2013-06-30 17:00:00,15,-20.93,-20.8502090648127,-20.9765581517831,-20.7158731796777
"106",2013-06-30 17:00:00,16,-17.71,-17.6346972278021,-17.7197619299919,-17.5440367347371
"107",2013-06-30 17:00:00,17,-14.1,-14.1748642293573,-14.3584877072733,-13.9794965661127
"108",2013-06-30 17:00:00,18,-7.95,-8.16320858768656,-8.61277989498701,-7.71719003954342
"109",2013-06-30 17:00:00,19,22.14,21.8714456082593,21.449698583101,22.3005021403039
"110",2013-06-30 17:00:00,20,-9.34,-9.49017824536155,-9.75284380434219,-9.23669019016335
"111",2013-06-30 17:00:00,21,-9.83,-9.82767525140013,-9.89932761470219,-9.75328034672611
"112",2013-06-30 17:00:00,22,-23.24,-23.2399999999999,-23.2400000006663,-23.2399999993416
"113",2013-06-30 17:00:00,23,-24.27,-24.2422100772374,-24.3551490748812,-24.1217420479407
"114",2013-06-30 17:00:00,24,15.22,15.0445598379319,14.5247876331835,15.5482745192504
"115",2013-06-30 17:00:00,25,-25.25,-25.2314934388773,-25.3236980358442,-25.1452588519496
"116",2013-06-30 17:00:00,26,7.11,6.93409897395744,6.38941762875962,7.45069519793404
"117",2013-06-30 17:00:00,27,33.47,33.3428016813222,33.0335626838232,33.6496249689722
"118",2013-06-30 17:00:00,28,-11.72,-11.9177808929322,-12.2970722541023,-11.5392008353199
"119",2013-06-30 17:00:00,29,19.67,19.2168827384414,18.6247652052919,19.8579199251703
"120",2013-06-30 17:00:00,30,16.29,15.9674297591766,15.4134301792697,16.5521550139343
"121",2013-09-30 17:00:00,1,-28.66,-28.6373350522668,-28.7233931077101,-28.5443559170673
"122",2013-09-30 17:00:00,2,17.75,17.2393232944156,16.7640241110999,17.6872882226327
"123",2013-09-30 17:00:00,3,31.96,31.3940694433455,30.8683781587286,31.9394238747286
"124",2013-09-30 17:00:00,4,15.43,15.7315096433201,15.3267571978458,16.1057904881554
"125",2013-09-30 17:00:00,5,-19.59,-19.4646779688069,-19.788821244532,-19.1634104531882
"126",2013-09-30 17:00:00,6,-10.9,-10.5901070926831,-11.0436785526174,-10.1810582714472
"127",2013-09-30 17:00:00,7,33.27,33.2699999999907,33.2699999987282,33.2700000011401
"128",2013-09-30 17:00:00,8,5.78,5.83194944291806,5.66193618709863,5.9997678305947
"129",2013-09-30 17:00:00,9,4.42,4.2286664554263,3.71689626119411,4.73118694224906
"130",2013-09-30 17:00:00,10,3.54,3.30563995567375,2.72987229810182,3.92259482126378
"131",2013-09-30 17:00:00,11,-12.65,-12.64082389342,-12.6998767103142,-12.5826911774244
"132",2013-09-30 17:00:00,12,-27.67,-27.67025382738,-27.7836309282095,-27.5525278038644
"133",2013-09-30 17:00:00,13,-16.58,-16.5761730181882,-16.6842101745593,-16.46804999617
"134",2013-09-30 17:00:00,14,-11.56,-11.5595207957163,-11.5985110007659,-11.5161595588856
"135",2013-09-30 17:00:00,15,-20.73,-20.712109027138,-20.8377467553763,-20.5819514325514
"136",2013-09-30 17:00:00,16,-17.57,-17.5677316957245,-17.6577679728207,-17.4792819596665
"137",2013-09-30 17:00:00,17,-13.99,-14.0547636667672,-14.2567208606389,-13.8588829553591
"138",2013-09-30 17:00:00,18,-7.75,-7.96139417634334,-8.40309554203703,-7.55478655660067
"139",2013-09-30 17:00:00,19,22.09,21.9633568241766,21.5160024912224,22.3947437489848
"140",2013-09-30 17:00:00,20,-9.18,-9.45190163265941,-9.71003573671522,-9.1433770481936
"141",2013-09-30 17:00:00,21,-9.71,-9.74141070905492,-9.81463623069086,-9.6672042541347
"142",2013-09-30 17:00:00,22,-23.08,-23.079999999999,-23.0800000006279,-23.0799999993492
"143",2013-09-30 17:00:00,23,-24.02,-24.0282660850942,-24.1459923483861,-23.9011595976076
"144",2013-09-30 17:00:00,24,15.17,15.1168911706897,14.6149949212377,15.6095015587537
"145",2013-09-30 17:00:00,25,-25.03,-25.0066234291099,-25.1040007820422,-24.9152612602082
"146",2013-09-30 17:00:00,26,7.18,7.11946767358821,6.59684386714293,7.6652216597098
"147",2013-09-30 17:00:00,27,33.24,33.2945582010871,32.9633498451338,33.5956012826744
"148",2013-09-30 17:00:00,28,-11.6,-11.7266521455247,-12.0831556530716,-11.3680621520822
"149",2013-09-30 17:00:00,29,19.66,19.3666218801164,18.7220861856292,19.9515529365005
"150",2013-09-30 17:00:00,30,16.45,16.0535144373768,15.4659011335949,16.6076463157125
"151",2013-12-31 17:00:00,1,-28.6,-28.5602264490445,-28.650994086583,-28.4694521617849
"152",2013-12-31 17:00:00,2,17.62,17.0557979123429,16.5991249657964,17.5008198839934
"153",2013-12-31 17:00:00,3,31.89,31.1435338253304,30.5987995095767,31.6482368233587
"154",2013-12-31 17:00:00,4,15.19,15.5779297737771,15.1638552610998,15.9942887463809
"155",2013-12-31 17:00:00,5,-19.53,-19.4655653942801,-19.7962068218897,-19.1408019614348
"156",2013-12-31 17:00:00,6,-10.93,-10.6296549749462,-11.1033882991584,-10.1787717251756
"157",2013-12-31 17:00:00,7,33.34,33.3399999999957,33.3399999987505,33.3400000011339
"158",2013-12-31 17:00:00,8,5.51,5.70596544305468,5.53369270039883,5.86492220585881
"159",2013-12-31 17:00:00,9,4.35,4.18419459566347,3.67405709811522,4.73736619784443
"160",2013-12-31 17:00:00,10,3.65,3.31182540630246,2.731760544129,3.94931916803669
"161",2013-12-31 17:00:00,11,-12.51,-12.5220752605063,-12.5778700965331,-12.4553784991035
"162",2013-12-31 17:00:00,12,-27.53,-27.5610302104001,-27.6637680602945,-27.4536413107769
"163",2013-12-31 17:00:00,13,-16.48,-16.492681056898,-16.5911596034731,-16.3841899977935
"164",2013-12-31 17:00:00,14,-11.52,-11.5460692904278,-11.5824801624157,-11.5046638636874
"165",2013-12-31 17:00:00,15,-20.55,-20.6718936733518,-20.7996149982989,-20.5467600331296
"166",2013-12-31 17:00:00,16,-17.39,-17.492704595895,-17.5864969794364,-17.4082578123797
"167",2013-12-31 17:00:00,17,-13.89,-13.9690236760102,-14.155271370179,-13.7748337330759
"168",2013-12-31 17:00:00,18,-7.69,-7.91788203564686,-8.36240511837849,-7.51579576633998
"169",2013-12-31 17:00:00,19,21.99,21.9390210865833,21.4613653303697,22.3511677480406
"170",2013-12-31 17:00:00,20,-9.2,-9.45197734393748,-9.73146875308974,-9.17471438958391
"171",2013-12-31 17:00:00,21,-9.65,-9.65086919768038,-9.72029478242305,-9.57765549555522
"172",2013-12-31 17:00:00,22,-22.97,-22.97,-22.9700000006363,-22.9699999993143
"173",2013-12-31 17:00:00,23,-23.94,-23.9891834131296,-24.1053571601709,-23.8744001561121
"174",2013-12-31 17:00:00,24,15,14.9061865481433,14.4079020686822,15.4266256944217
"175",2013-12-31 17:00:00,25,-24.93,-24.9428410665398,-25.0387387724796,-24.8465009146856
"176",2013-12-31 17:00:00,26,7.15,7.04327159223272,6.55708818716859,7.59537222940411
"177",2013-12-31 17:00:00,27,33.17,33.1027730477812,32.7892996650355,33.4000477915843
"178",2013-12-31 17:00:00,28,-11.57,-11.7316421411879,-12.0757386791824,-11.3649699432756
"179",2013-12-31 17:00:00,29,19.5,19.2114870186233,18.6067934019473,19.8286823829116
"180",2013-12-31 17:00:00,30,16.37,15.9179644948419,15.3313444757637,16.5108393916874
"181",2014-03-31 17:00:00,1,-28.49,-28.55542267628,-28.6477057447474,-28.4576383560558
"182",2014-03-31 17:00:00,2,17.44,16.9848218532818,16.5375785041309,17.4238503397381
"183",2014-03-31 17:00:00,3,31.91,31.3166547435363,30.7869181991025,31.832678350831
"184",2014-03-31 17:00:00,4,15.13,15.5091856509441,15.0969322641932,15.8901892199415
"185",2014-03-31 17:00:00,5,-19.48,-19.5848357366376,-19.892750472607,-19.2835468116213
"186",2014-03-31 17:00:00,6,-11.03,-10.7696323796049,-11.2330544316797,-10.295063363168
"187",2014-03-31 17:00:00,7,33.22,33.2200000000001,33.2199999989159,33.2200000011968
"188",2014-03-31 17:00:00,8,5.58,5.55959829761119,5.37826672658962,5.72358335203879
"189",2014-03-31 17:00:00,9,4.45,4.09048774888172,3.56974294481783,4.57466118891501
"190",2014-03-31 17:00:00,10,3.69,3.25502576409633,2.63322485157271,3.8909885024501
"191",2014-03-31 17:00:00,11,-12.43,-12.5549645830215,-12.6132759347043,-12.4961040025504
"192",2014-03-31 17:00:00,12,-27.41,-27.5035716150765,-27.6158037097565,-27.3921760612548
"193",2014-03-31 17:00:00,13,-16.42,-16.6062509474064,-16.7093562861093,-16.4973296298484
"194",2014-03-31 17:00:00,14,-11.74,-11.7676431441031,-11.8109143490516,-11.7269151842975
"195",2014-03-31 17:00:00,15,-20.54,-20.6840904879387,-20.8069212769147,-20.5559411755062
"196",2014-03-31 17:00:00,16,-17.39,-17.479549000541,-17.5648159882883,-17.3942126575568
"197",2014-03-31 17:00:00,17,-13.77,-13.8962751071392,-14.0897901216257,-13.6951428046763
"198",2014-03-31 17:00:00,18,-7.68,-7.97134416519798,-8.40519063575579,-7.56074888905909
"199",2014-03-31 17:00:00,19,21.85,22.1245410496944,21.6956934514345,22.5575166372613
"200",2014-03-31 17:00:00,20,-9.22,-9.43955112180932,-9.71616357678461,-9.16783224496903
"201",2014-03-31 17:00:00,21,-9.59,-9.67029729692521,-9.7419251623962,-9.60340047564204
"202",2014-03-31 17:00:00,22,-22.9,-22.9000000000002,-22.9000000006475,-22.8999999994238
"203",2014-03-31 17:00:00,23,-23.87,-23.9849097398874,-24.1124820415814,-23.8584432413114
"204",2014-03-31 17:00:00,24,14.87,14.822927291218,14.2676985397744,15.3236332416151
"205",2014-03-31 17:00:00,25,-24.84,-24.9204587361355,-25.0078978272964,-24.8285433518259
"206",2014-03-31 17:00:00,26,7.08,6.97267130184426,6.44516260965004,7.47479468856875
"207",2014-03-31 17:00:00,27,32.96,33.2075252020932,32.8858688273668,33.5110292600179
"208",2014-03-31 17:00:00,28,-11.53,-11.7051922817847,-12.0556583591841,-11.3379760350578
"209",2014-03-31 17:00:00,29,19.37,19.1620274920343,18.5092773941728,19.8015024261625
"210",2014-03-31 17:00:00,30,16.11,15.7534239938298,15.1788491237181,16.3123090175703
"211",2014-06-30 17:00:00,1,-28.62,-28.6139684329848,-28.7085412236994,-28.5166975698558
"212",2014-06-30 17:00:00,2,15.99,16.5434217229074,16.1007827266667,16.9721472855107
"213",2014-06-30 17:00:00,3,29.22,30.1860343446766,29.6760296962702,30.7196782597476
"214",2014-06-30 17:00:00,4,15.39,15.4593644628941,15.0686285337421,15.8631953850898
"215",2014-06-30 17:00:00,5,-19.53,-19.6631588588096,-19.9791808549687,-19.3439489369043
"216",2014-06-30 17:00:00,6,-10.87,-10.8892662647889,-11.3657625720384,-10.4135895911139
"217",2014-06-30 17:00:00,7,33.43,33.4299999999917,33.4299999988164,33.430000001078
"218",2014-06-30 17:00:00,8,5.49,5.37079642798276,5.20568719884879,5.53893749732566
"219",2014-06-30 17:00:00,9,4,4.1843586153315,3.63232194425234,4.68995634935769
"220",2014-06-30 17:00:00,10,3.11,3.37537529441605,2.76364502713064,4.01509370677117
"221",2014-06-30 17:00:00,11,-12.79,-12.7144263381814,-12.7729619983069,-12.6516450714192
"222",2014-06-30 17:00:00,12,-27.44,-27.4635039180492,-27.5750888446363,-27.3589329633538
"223",2014-06-30 17:00:00,13,-16.78,-16.7693358226238,-16.8744300037249,-16.6568209545739
"224",2014-06-30 17:00:00,14,-12,-11.9524873315398,-11.9943508187141,-11.9136387315996
"225",2014-06-30 17:00:00,15,-20.58,-20.6141140113075,-20.7325044160517,-20.4910640293052
"226",2014-06-30 17:00:00,16,-17.45,-17.4884376276814,-17.58100426272,-17.4053400247942
"227",2014-06-30 17:00:00,17,-13.66,-13.7970597856423,-13.997486951026,-13.595983478285
"228",2014-06-30 17:00:00,18,-7.71,-7.78860510958819,-8.2498890284747,-7.3349734290548
"229",2014-06-30 17:00:00,19,21.42,21.5031252343214,21.0649687891817,21.9389492305001
"230",2014-06-30 17:00:00,20,-9.31,-9.36225568258908,-9.62271087795917,-9.07539598585889
"231",2014-06-30 17:00:00,21,-9.59,-9.6527737081013,-9.72242799825405,-9.57818338252395
"232",2014-06-30 17:00:00,22,-22.97,-22.9699999999993,-22.9700000005964,-22.9699999993616
"233",2014-06-30 17:00:00,23,-23.88,-23.9304030543148,-24.0521291306509,-23.808401496037
"234",2014-06-30 17:00:00,24,14.64,14.6502742213137,14.1370637997382,15.1826449425701
"235",2014-06-30 17:00:00,25,-24.82,-24.9091216897266,-25.0015420612885,-24.8127602404172
"236",2014-06-30 17:00:00,26,6.7,6.7329035514903,6.23731205998411,7.23550703956255
"237",2014-06-30 17:00:00,27,32.44,32.5509365664218,32.2574965370464,32.8753705040811
"238",2014-06-30 17:00:00,28,-11.53,-11.5681596100672,-11.9248859445479,-11.2092307586688
"239",2014-06-30 17:00:00,29,17.93,18.4167440649789,17.8155091977101,19.0162365261864
"240",2014-06-30 17:00:00,30,15.28,15.3733596109019,14.777346537128,15.9499958051531
"241",2014-09-30 17:00:00,1,-28.69,-28.6823265125448,-28.7712820623895,-28.5964436424576
"242",2014-09-30 17:00:00,2,15.92,16.3611837833644,15.938983138961,16.8584505200931
"243",2014-09-30 17:00:00,3,29.14,29.9659055481295,29.4320754912664,30.500726026082
"244",2014-09-30 17:00:00,4,15.45,15.4036651082861,15.0086631638568,15.8099142352891
"245",2014-09-30 17:00:00,5,-19.68,-19.9092718383014,-20.2159079042287,-19.5991242774622
"246",2014-09-30 17:00:00,6,-10.61,-10.6309396019718,-11.0955110989797,-10.1806893063807
"247",2014-09-30 17:00:00,7,33.53,33.5300000000028,33.5299999988362,33.5300000010603
"248",2014-09-30 17:00:00,8,5.22,5.07280708079759,4.90429155189295,5.24236777627339
"249",2014-09-30 17:00:00,9,4.12,4.3551722578172,3.83452675245073,4.84610532821619
"250",2014-09-30 17:00:00,10,3.12,3.38613013369408,2.77125795966776,4.06657890515676
"251",2014-09-30 17:00:00,11,-12.88,-12.8272909257673,-12.8862180912448,-12.7632166846463
"252",2014-09-30 17:00:00,12,-27.56,-27.4023842336642,-27.5201313720397,-27.2922336768579
"253",2014-09-30 17:00:00,13,-16.99,-16.8343457790831,-16.935656405811,-16.723025238593
"254",2014-09-30 17:00:00,14,-12.06,-12.0623767809168,-12.1042272968018,-12.0218266271872
"255",2014-09-30 17:00:00,15,-20.69,-20.5251927479423,-20.6522590406877,-20.3941785338566
"256",2014-09-30 17:00:00,16,-17.7,-17.5715888754422,-17.6550465165716,-17.4850724972047
"257",2014-09-30 17:00:00,17,-13.88,-13.7202996260717,-13.8955615615682,-13.5342111954014
"258",2014-09-30 17:00:00,18,-7.95,-7.71501708971272,-8.14440568757359,-7.27285390006835
"259",2014-09-30 17:00:00,19,21.34,21.3767060601717,20.934475248377,21.7935171996024
"260",2014-09-30 17:00:00,20,-9.6,-9.31001361216021,-9.58669269022772,-9.03630453368462
"261",2014-09-30 17:00:00,21,-9.73,-9.65247952939277,-9.72854777948321,-9.58383186725732
"262",2014-09-30 17:00:00,22,-23.12,-23.1200000000037,-23.120000000641,-23.1199999993724
"263",2014-09-30 17:00:00,23,-24.18,-24.0143206005159,-24.1351310218914,-23.8959472867816
"264",2014-09-30 17:00:00,24,14.48,14.7577965579296,14.2625866666129,15.2399086614267
"265",2014-09-30 17:00:00,25,-25.12,-24.9920506450805,-25.0917398368492,-24.9038383758145
"266",2014-09-30 17:00:00,26,6.47,6.8065940339374,6.32030376374867,7.29856938408676
"267",2014-09-30 17:00:00,27,32.33,32.3289730419527,31.9961833649843,32.6512050852179
"268",2014-09-30 17:00:00,28,-11.67,-11.4327625507776,-11.7749409165481,-11.1206265673869
"269",2014-09-30 17:00:00,29,17.91,18.395464950072,17.763020712485,19.0037100722851
"270",2014-09-30 17:00:00,30,15.06,15.3767310987909,14.8150535541608,15.9403640688805
"271",2014-12-31 17:00:00,1,-28.81,-28.7716602229698,-28.8656516298291,-28.6823472113845
"272",2014-12-31 17:00:00,2,15.68,16.1382590575998,15.7068253666649,16.5867369753832
"273",2014-12-31 17:00:00,3,29.18,29.6539064311072,29.1292428594232,30.1698222666352
"274",2014-12-31 17:00:00,4,15.5,15.2191390728319,14.8245750406024,15.6289551405023
"275",2014-12-31 17:00:00,5,-19.8,-19.9411102595977,-20.2639158136703,-19.609494781747
"276",2014-12-31 17:00:00,6,-10.71,-10.6600210604028,-11.076840134895,-10.2016284625752
"277",2014-12-31 17:00:00,7,33.69,33.690000000002,33.689999998827,33.6900000011265
"278",2014-12-31 17:00:00,8,4.93,4.80276907091889,4.63807166164084,4.97539682415616
"279",2014-12-31 17:00:00,9,4.09,4.33323641377772,3.76242938061957,4.83698413522768
"280",2014-12-31 17:00:00,10,3.1,3.37893908383543,2.69745971288921,3.99570333306411
"281",2014-12-31 17:00:00,11,-12.94,-12.9111394252337,-12.9753863385469,-12.8513645349496
"282",2014-12-31 17:00:00,12,-27.64,-27.5560389167862,-27.6648980980956,-27.4492867586664
"283",2014-12-31 17:00:00,13,-17.14,-17.0180490604034,-17.123884779301,-16.9020787142762
"284",2014-12-31 17:00:00,14,-12.22,-12.2014122751455,-12.2417604351599,-12.162733750209
"285",2014-12-31 17:00:00,15,-20.77,-20.615168182062,-20.7446532488428,-20.486066368456
"286",2014-12-31 17:00:00,16,-17.79,-17.7148515692119,-17.802293763582,-17.6250088479739
"287",2014-12-31 17:00:00,17,-13.91,-13.8415682315251,-14.0253124926989,-13.6360350812905
"288",2014-12-31 17:00:00,18,-7.94,-7.81830510547773,-8.27073357087542,-7.39377233539042
"289",2014-12-31 17:00:00,19,21.22,21.1670267232668,20.7323701791709,21.5855180965187
"290",2014-12-31 17:00:00,20,-9.62,-9.41539176734365,-9.70161653732423,-9.14374750783884
"291",2014-12-31 17:00:00,21,-9.84,-9.77421613624892,-9.84456117605204,-9.70660457827301
"292",2014-12-31 17:00:00,22,-23.1,-23.1000000000001,-23.1000000006142,-23.0999999994061
"293",2014-12-31 17:00:00,23,-24.32,-24.1585505846403,-24.272436649767,-24.0422410100745
"294",2014-12-31 17:00:00,24,14.42,14.5528954220601,14.0750013019484,15.0498798370799
"295",2014-12-31 17:00:00,25,-25.07,-24.9464137051379,-25.0400929668926,-24.8515578611845
"296",2014-12-31 17:00:00,26,6.39,6.69458447844021,6.18343264301861,7.19825865848151
"297",2014-12-31 17:00:00,27,32.05,32.0680178340787,31.7573622716738,32.3733009829831
"298",2014-12-31 17:00:00,28,-11.69,-11.589601979093,-11.9537912256218,-11.2295654670146
"299",2014-12-31 17:00:00,29,17.85,18.1151076350432,17.4915538784332,18.6735172262445
"300",2014-12-31 17:00:00,30,14.81,14.992415557075,14.4046538520043,15.5584177194306
"301",2015-03-31 17:00:00,1,-28.76,-28.7178609143372,-28.8056146344801,-28.6325538670275
"302",2015-03-31 17:00:00,2,15.71,15.9908497636814,15.5157024497125,16.4597145477497
"303",2015-03-31 17:00:00,3,29.48,29.6621970306339,29.1334778334972,30.1539437870403
"304",2015-03-31 17:00:00,4,15.37,15.311945526144,14.8659765589764,15.7234700822796
"305",2015-03-31 17:00:00,5,-20.14,-20.144507688088,-20.4533701621772,-19.8308134248714
"306",2015-03-31 17:00:00,6,-10.89,-10.7313461732871,-11.2127971706737,-10.2604121126588
"307",2015-03-31 17:00:00,7,33.32,33.3199999999961,33.3199999989148,33.3200000010981
"308",2015-03-31 17:00:00,8,4.73,4.68435437136105,4.50773231227368,4.86100203485098
"309",2015-03-31 17:00:00,9,4.01,4.41146865623094,3.88632865618476,4.87843119075876
"310",2015-03-31 17:00:00,10,2.96,3.74575729739252,3.11366415658165,4.40738104161943
"311",2015-03-31 17:00:00,11,-12.93,-12.9718222770536,-13.0304193908789,-12.9133841844753
"312",2015-03-31 17:00:00,12,-27.58,-27.5727160093073,-27.6897284054355,-27.4704225445898
"313",2015-03-31 17:00:00,13,-17.17,-17.1344734584644,-17.231807662344,-17.0237347797325
"314",2015-03-31 17:00:00,14,-12.29,-12.2471664244185,-12.2862091755623,-12.2055269947153
"315",2015-03-31 17:00:00,15,-20.7,-20.7302554543847,-20.8538805362338,-20.5990929571742
"316",2015-03-31 17:00:00,16,-17.81,-17.7949621823444,-17.8736745597551,-17.7041633556099
"317",2015-03-31 17:00:00,17,-13.87,-13.8399720089223,-14.0339967735106,-13.6406406525194
"318",2015-03-31 17:00:00,18,-7.91,-7.51017112255507,-7.95337226151266,-7.07997431178252
"319",2015-03-31 17:00:00,19,20.97,21.0019815616947,20.5456609752473,21.4618286006656
"320",2015-03-31 17:00:00,20,-9.52,-9.37705664895261,-9.65422504572516,-9.10807115129381
"321",2015-03-31 17:00:00,21,-9.88,-9.84119591504811,-9.91115595776869,-9.76149552134827
"322",2015-03-31 17:00:00,22,-23.14,-23.1400000000007,-23.140000000648,-23.1399999993825
"323",2015-03-31 17:00:00,23,-24.2,-24.2245883078202,-24.3489963621721,-24.1040641189574
"324",2015-03-31 17:00:00,24,14.27,14.4040115227954,13.908415467706,14.8942586316108
"325",2015-03-31 17:00:00,25,-24.95,-24.9692288377957,-25.0616239803402,-24.8812347090537
"326",2015-03-31 17:00:00,26,6.47,6.74798080488524,6.28856105515489,7.27964196117868
"327",2015-03-31 17:00:00,27,31.76,31.6720501134943,31.3598043213354,31.9783930139975
"328",2015-03-31 17:00:00,28,-11.57,-11.4020954811857,-11.7580486613792,-11.0536370571167
"329",2015-03-31 17:00:00,29,17.64,17.9886001010907,17.3644469477213,18.6190807485497
"330",2015-03-31 17:00:00,30,14.58,14.9548009333649,14.4119533567223,15.487734935899
"331",2015-06-30 17:00:00,1,-28.69,-28.7477621247871,-28.8367838705444,-28.6588485369295
"332",2015-06-30 17:00:00,2,15.76,15.7792241523902,15.3332627837704,16.2379850717203
"333",2015-06-30 17:00:00,3,29.62,29.5305893157893,28.977482254998,30.0550302549285
"334",2015-06-30 17:00:00,4,15.31,15.2071568367616,14.777648998684,15.6379795932291
"335",2015-06-30 17:00:00,5,-20.84,-20.6020221456701,-20.9258399290389,-20.2809526359531
"336",2015-06-30 17:00:00,6,-10.9,-10.8933134641311,-11.3697232023635,-10.4809148567015
"337",2015-06-30 17:00:00,7,33.01,33.009999999995,33.0099999988495,33.010000001211
"338",2015-06-30 17:00:00,8,4.5,4.49285182751794,4.31743132657679,4.66622963141151
"339",2015-06-30 17:00:00,9,3.99,4.40557782160077,3.89745024845272,4.91347558090009
"340",2015-06-30 17:00:00,10,2.95999999999999,3.74406078660359,3.09045999214184,4.36071601262607
"341",2015-06-30 17:00:00,11,-13.03,-13.0131810019975,-13.0785152934397,-12.9475104777696
"342",2015-06-30 17:00:00,12,-27.42,-27.5632511743551,-27.6687931927396,-27.4445832531598
"343",2015-06-30 17:00:00,13,-17.01,-17.1310604849019,-17.2361566256633,-17.0213298871944
"344",2015-06-30 17:00:00,14,-12.26,-12.3205911468604,-12.3617729493748,-12.2833621096094
"345",2015-06-30 17:00:00,15,-20.59,-20.6451862978732,-20.7755166217071,-20.518639472855
"346",2015-06-30 17:00:00,16,-17.71,-17.7763611327736,-17.8700017313779,-17.6920011010252
"347",2015-06-30 17:00:00,17,-13.77,-13.72961996129,-13.9391080964978,-13.5388466405382
"348",2015-06-30 17:00:00,18,-7.78,-7.41099327086966,-7.86780291831868,-6.98115164470502
"349",2015-06-30 17:00:00,19,20.65,20.6502723765782,20.2486389615739,21.100362098652
"350",2015-06-30 17:00:00,20,-9.4,-9.27894844041774,-9.55504383819506,-9.00275302358085
"351",2015-06-30 17:00:00,21,-9.81,-9.78540937908905,-9.85870687685634,-9.71004753019218
"352",2015-06-30 17:00:00,22,-23.25,-23.2499999999993,-23.2500000006645,-23.2499999993572
"353",2015-06-30 17:00:00,23,-24.03,-24.1428005485342,-24.2566222565976,-24.018988965185
"354",2015-06-30 17:00:00,24,14.05,14.2008664565146,13.6753624697961,14.7376127434133
"355",2015-06-30 17:00:00,25,-24.76,-24.8390003025904,-24.9302328425047,-24.7414298862735
"356",2015-06-30 17:00:00,26,6.47,6.59729137727633,6.10693599118001,7.10013035320548
"357",2015-06-30 17:00:00,27,31.33,31.2618001697136,30.9544359487934,31.5838052988114
"358",2015-06-30 17:00:00,28,-11.42,-11.2356206979209,-11.5920676890633,-10.8896467241791
"359",2015-06-30 17:00:00,29,17.38,17.441755993807,16.809188405822,18.086273599548
"360",2015-06-30 17:00:00,30,14.43,14.6329610998062,14.0895260072119,15.189868633998
"361",2015-09-30 17:00:00,1,-28.6,-28.6120160731193,-28.7013328140892,-28.5257922694039
"362",2015-09-30 17:00:00,2,15.61,15.5620941772649,15.1110459535933,15.9930382785825
"363",2015-09-30 17:00:00,3,29.91,29.6236271124612,29.1142825084647,30.1569994138731
"364",2015-09-30 17:00:00,4,14.96,15.0757431939577,14.6651116277433,15.472346367605
"365",2015-09-30 17:00:00,5,-21,-21.0778857384428,-21.4191663057252,-20.7742124023152
"366",2015-09-30 17:00:00,6,-10.75,-10.633632767112,-11.0806479052287,-10.1997395671244
"367",2015-09-30 17:00:00,7,32.56,32.5599999999893,32.559999998887,32.5600000011338
"368",2015-09-30 17:00:00,8,4.11,4.16615393697962,4.00147006885063,4.33583686169883
"369",2015-09-30 17:00:00,9,4.4,4.4738433396843,3.94151188316425,4.96877486431989
"370",2015-09-30 17:00:00,10,3.19,3.45144429024847,2.8400822373897,4.06161609371078
"371",2015-09-30 17:00:00,11,-12.88,-12.866700034788,-12.9296921249206,-12.8046473142524
"372",2015-09-30 17:00:00,12,-27.08,-27.0589318407388,-27.164626413289,-26.9590726953892
"373",2015-09-30 17:00:00,13,-16.87,-16.8729771821054,-16.9907884963631,-16.7722598745164
"374",2015-09-30 17:00:00,14,-12.26,-12.2610919287207,-12.3011590820697,-12.2194537986378
"375",2015-09-30 17:00:00,15,-20.32,-20.298680892679,-20.4311797338996,-20.1777647078251
"376",2015-09-30 17:00:00,16,-17.62,-17.6199641688078,-17.7018260329875,-17.5319495129513
"377",2015-09-30 17:00:00,17,-13.53,-13.4742679615404,-13.6690239404822,-13.3045265807301
"378",2015-09-30 17:00:00,18,-7.49,-7.47526855518759,-7.90325581195983,-7.04580454002774
"379",2015-09-30 17:00:00,19,20.58,20.686867466364,20.2370043791833,21.1163150180322
"380",2015-09-30 17:00:00,20,-9.21,-9.19424731109035,-9.48096481151808,-8.90435276311675
"381",2015-09-30 17:00:00,21,-9.67,-9.70908235653656,-9.77531005660599,-9.63724392534136
"382",2015-09-30 17:00:00,22,-23.23,-23.2300000000011,-23.230000000612,-23.229999999344
"383",2015-09-30 17:00:00,23,-23.86,-23.8421709904802,-23.9627762160554,-23.726329050121
"384",2015-09-30 17:00:00,24,14.41,14.4330898107852,13.9230277693734,14.9539394933252
"385",2015-09-30 17:00:00,25,-24.45,-24.4336104751595,-24.5282206153082,-24.3407390591569
"386",2015-09-30 17:00:00,26,6.93,6.8541630951248,6.36953969424736,7.35371184658049
"387",2015-09-30 17:00:00,27,31.12,31.2336288113433,30.9259747307407,31.5369007931444
"388",2015-09-30 17:00:00,28,-11.12,-11.1148487388908,-11.4614642131652,-10.7403600707729
"389",2015-09-30 17:00:00,29,17.58,17.4223587614533,16.7678811043825,18.0307116489369
"390",2015-09-30 17:00:00,30,14.62,14.6309841168922,14.0624349227015,15.2115449888071
"391",2015-12-31 17:00:00,1,-28.85,-28.8424247481501,-28.9278463851333,-28.7475034143404
"392",2015-12-31 17:00:00,2,15.67,15.6126277985324,15.1527621660612,16.0720208448897
"393",2015-12-31 17:00:00,3,30.13,29.9163521666285,29.3502824590577,30.4554780803879
"394",2015-12-31 17:00:00,4,14.58,14.7893915008642,14.3898502409149,15.1739285688417
"395",2015-12-31 17:00:00,5,-21.47,-21.505584251234,-21.8280016475171,-21.1872675575236
"396",2015-12-31 17:00:00,6,-10.78,-10.6379356014919,-11.0946694243731,-10.1672199633008
"397",2015-12-31 17:00:00,7,32.16,32.1599999999939,32.1599999989218,32.1600000010993
"398",2015-12-31 17:00:00,8,3.67,3.67310036998699,3.50407804622974,3.84800430519633
"399",2015-12-31 17:00:00,9,4.56,4.55351393661449,4.03696086714982,5.08215612028057
"400",2015-12-31 17:00:00,10,3.15,3.43818117846422,2.77902405248491,4.06489889862531
"401",2015-12-31 17:00:00,11,-12.86,-12.8772023167147,-12.9375763972682,-12.8182484297933
"402",2015-12-31 17:00:00,12,-27.68,-27.6641840098518,-27.7779203691589,-27.552579300459
"403",2015-12-31 17:00:00,13,-17.1,-17.1021523476701,-17.2131579592513,-16.9958967584745
"404",2015-12-31 17:00:00,14,-12.53,-12.5271970925855,-12.5684339903018,-12.4851397730883
"405",2015-12-31 17:00:00,15,-20.31,-20.3421580010543,-20.467090202773,-20.2124217239234
"406",2015-12-31 17:00:00,16,-17.8,-17.8251815488096,-17.9192735317398,-17.7406910206792
"407",2015-12-31 17:00:00,17,-13.87,-13.8190194835765,-14.0063023412931,-13.6238764262556
"408",2015-12-31 17:00:00,18,-7.91,-7.70881794943511,-8.17369390314877,-7.2525798129255
"409",2015-12-31 17:00:00,19,20.28,20.3930192065697,19.9100323513775,20.8038471677706
"410",2015-12-31 17:00:00,20,-9.27,-9.22654983770729,-9.50833325973636,-8.9517740817489
"411",2015-12-31 17:00:00,21,-9.98,-9.99023543882431,-10.0642170980647,-9.91775639793114
"412",2015-12-31 17:00:00,22,-23.54,-23.5399999999993,-23.5400000006286,-23.5399999994056
"413",2015-12-31 17:00:00,23,-23.91,-23.9186073120746,-24.0395113881668,-23.803202406617
"414",2015-12-31 17:00:00,24,14.42,14.445034755497,13.9502310751553,14.9732724101763
"415",2015-12-31 17:00:00,25,-24.33,-24.3387642471686,-24.4354286838901,-24.2436724237694
"416",2015-12-31 17:00:00,26,7.21,7.23458962341097,6.73797313066331,7.76148443309138
"417",2015-12-31 17:00:00,27,31.05,31.085278498749,30.7599592470471,31.4025041560755
"418",2015-12-31 17:00:00,28,-11.28,-11.1881684379274,-11.5482383701353,-10.82678892451
"419",2015-12-31 17:00:00,29,17.19,17.2010712209041,16.5598328254471,17.8150964580592
"420",2015-12-31 17:00:00,30,14.29,14.4842544711643,13.9228433889656,15.0698399482144
"421",2016-03-31 17:00:00,1,-28.97,-29.0505019582734,-29.1350819085981,-28.959722830366
"422",2016-03-31 17:00:00,2,15.68,16.2420487930107,15.8205959125272,16.6697197709807
"423",2016-03-31 17:00:00,3,31.29,31.6345890375815,31.0904257723988,32.1517057685362
"424",2016-03-31 17:00:00,4,14.4,15.1010765173645,14.6855512278699,15.5252179316218
"425",2016-03-31 17:00:00,5,-22.21,-22.5392630487713,-22.8668988105912,-22.2126554861682
"426",2016-03-31 17:00:00,6,-9.91,-9.50527803079073,-9.96857647544135,-9.04608418252561
"427",2016-03-31 17:00:00,7,31.67,31.6699999999977,31.6699999988435,31.6700000011267
"428",2016-03-31 17:00:00,8,3.17,2.9253209165251,2.765799402796,3.10177544872882
"429",2016-03-31 17:00:00,9,5.56,5.97677966942377,5.51666940118309,6.46414689324231
"430",2016-03-31 17:00:00,10,3.84,4.42242781093496,3.76589532779143,5.06582526489992
"431",2016-03-31 17:00:00,11,-12.65,-12.6452673541832,-12.7030000275058,-12.5817920693547
"432",2016-03-31 17:00:00,12,-27.27,-27.2310442518654,-27.3476043753041,-27.119530046374
"433",2016-03-31 17:00:00,13,-17.32,-17.3237375766538,-17.430737885103,-17.2133176726946
"434",2016-03-31 17:00:00,14,-12.84,-12.8686449557567,-12.9094949185232,-12.8306947087876
"435",2016-03-31 17:00:00,15,-20,-19.9535892638607,-20.082941522736,-19.8145357204024
"436",2016-03-31 17:00:00,16,-18.15,-18.2035849909359,-18.287531616944,-18.1160266175325
"437",2016-03-31 17:00:00,17,-13.26,-13.0621436336017,-13.2630451939316,-12.8751862220088
"438",2016-03-31 17:00:00,18,-6.75,-6.18225269001085,-6.632522716877,-5.75786855691115
"439",2016-03-31 17:00:00,19,20.68,21.4533258219526,21.0150041324096,21.8976377937573
"440",2016-03-31 17:00:00,20,-8.64,-8.39941882178966,-8.66961149457459,-8.12741523029209
"441",2016-03-31 17:00:00,21,-9.95,-9.93605122851118,-10.0082273917601,-9.86013063442277
"442",2016-03-31 17:00:00,22,-23.88,-23.8800000000018,-23.8800000005976,-23.8799999993632
"443",2016-03-31 17:00:00,23,-23.8,-23.7575492554371,-23.8767449085359,-23.6364445129918
"444",2016-03-31 17:00:00,24,16.17,16.8228544177504,16.3059182065753,17.3037678618931
"445",2016-03-31 17:00:00,25,-23.83,-23.7964442148189,-23.8978156005973,-23.6993471588214
"446",2016-03-31 17:00:00,26,9.21,10.0046538527256,9.50692001652268,10.518576207245
"447",2016-03-31 17:00:00,27,31.35,31.7534725728545,31.4349628908516,32.0584678769545
"448",2016-03-31 17:00:00,28,-10.46,-10.0705144427173,-10.4517974668352,-9.70713144100431
"449",2016-03-31 17:00:00,29,17.79,18.9251095803666,18.2893900380956,19.5359872267532
"450",2016-03-31 17:00:00,30,14.93,15.8417635655414,15.256697095682,16.3900966034242
"451",2016-06-30 17:00:00,1,-29.97,-29.9109752770237,-29.9980064222144,-29.8223389782084
"452",2016-06-30 17:00:00,2,16.64,17.1038695923801,16.7038263968447,17.5564629154816
"453",2016-06-30 17:00:00,3,33.09,33.3856647211515,32.842639198477,33.9151246387904
"454",2016-06-30 17:00:00,4,14.95,15.5026863529785,15.134123388101,15.8918802632087
"455",2016-06-30 17:00:00,5,-24.61,-24.6990947717114,-25.0020138436163,-24.3654335540115
"456",2016-06-30 17:00:00,6,-9.42,-9.22936708734279,-9.69321956706885,-8.76968664169902
"457",2016-06-30 17:00:00,7,32.01,32.0099999999969,32.0099999988742,32.0100000011068
"458",2016-06-30 17:00:00,8,1.91,1.86978008424977,1.69527137234096,2.03777291982524
"459",2016-06-30 17:00:00,9,6.69,6.762878576155,6.22022073655421,7.25976869525216
"460",2016-06-30 17:00:00,10,4.71,4.92533857768809,4.31582607237588,5.56276639588525
"461",2016-06-30 17:00:00,11,-12.69,-12.6708822672366,-12.7339292938785,-12.6069702120559
"462",2016-06-30 17:00:00,12,-26.97,-26.9770355713455,-27.0918071155122,-26.8705115773856
"463",2016-06-30 17:00:00,13,-17.76,-17.7300110499981,-17.8338009523279,-17.6221065614362
"464",2016-06-30 17:00:00,14,-13.64,-13.6274953327768,-13.66597710423,-13.5887666929512
"465",2016-06-30 17:00:00,15,-19.76,-19.8014989226073,-19.936934280214,-19.678242898718
"466",2016-06-30 17:00:00,16,-18.97,-19.0152632407833,-19.1009581121388,-18.928471236471
"467",2016-06-30 17:00:00,17,-12.49,-12.4363423721898,-12.6232802908189,-12.2360924033636
"468",2016-06-30 17:00:00,18,-5.39,-5.2581797580457,-5.68665897749504,-4.80847678090338
"469",2016-06-30 17:00:00,19,23.39,23.66014351036,23.2315561319305,24.0926666439119
"470",2016-06-30 17:00:00,20,-7.91,-7.84448401917401,-8.13590432456064,-7.56883938160202
"471",2016-06-30 17:00:00,21,-9.98,-9.96452348090731,-10.0350529794961,-9.89011446775308
"472",2016-06-30 17:00:00,22,-24.45,-24.450000000001,-24.4500000006379,-24.4499999993721
"473",2016-06-30 17:00:00,23,-23.75,-23.7618072052597,-23.88995842924,-23.643951353753
"474",2016-06-30 17:00:00,24,18.26,18.3937858113938,17.8578472744891,18.9089252283825
"475",2016-06-30 17:00:00,25,-23.82,-23.83357865986,-23.9314067243909,-23.7384007478489
"476",2016-06-30 17:00:00,26,11.24,11.3851468624945,10.877478966394,11.8830383228702
"477",2016-06-30 17:00:00,27,33.3,33.4058182748506,33.0894423311177,33.7297582981946
"478",2016-06-30 17:00:00,28,-9.38,-9.27559003319929,-9.63215935149406,-8.92559627126582
"479",2016-06-30 17:00:00,29,20.51,20.9973506187663,20.3686094050488,21.6324884745543
"480",2016-06-30 17:00:00,30,17.42,17.7054406565738,17.0705747695345,18.2451619287199
"481",2016-09-30 17:00:00,1,-30.17,-30.1855465720853,-30.2779724466096,-30.0892454795844
"482",2016-09-30 17:00:00,2,17.83,17.5654393058718,17.1364801575509,17.9809852470666
"483",2016-09-30 17:00:00,3,33.61,33.3322585641651,32.7995536305381,33.8611098620105
"484",2016-09-30 17:00:00,4,17.02,17.1454925589595,16.7437514444023,17.5460427760704
"485",2016-09-30 17:00:00,5,-25.33,-25.0448367019057,-25.3443248859949,-24.7419893482822
"486",2016-09-30 17:00:00,6,-8.49,-8.95967232856941,-9.40449869634999,-8.48387782749182
"487",2016-09-30 17:00:00,7,32.01,32.0100000000041,32.009999998856,32.0100000011476
"488",2016-09-30 17:00:00,8,1.34,1.38070156656699,1.21013301827022,1.56353635695459
"489",2016-09-30 17:00:00,9,7.63,7.22994943435251,6.75769510697942,7.73253965415321
"490",2016-09-30 17:00:00,10,5.32,5.50108274104944,4.83812770468293,6.13281413115454
"491",2016-09-30 17:00:00,11,-12.51,-12.5461980932909,-12.6064820175357,-12.4830840293398
"492",2016-09-30 17:00:00,12,-26.31,-26.3947741093822,-26.510600736999,-26.2828212371908
"493",2016-09-30 17:00:00,13,-17.24,-17.3214326134031,-17.431764730473,-17.2142152626683
"494",2016-09-30 17:00:00,14,-13.93,-13.9045530450995,-13.9460140459199,-13.866796363444
"495",2016-09-30 17:00:00,15,-19.49,-19.5746018100861,-19.693844723523,-19.4451533198157
"496",2016-09-30 17:00:00,16,-19.17,-19.1120464100904,-19.1936799545187,-19.0234637645193
"497",2016-09-30 17:00:00,17,-11.61,-11.9189990803676,-12.108753507906,-11.7152199362489
"498",2016-09-30 17:00:00,18,-4.34,-4.69822191013336,-5.13067472506875,-4.26432132899698
"499",2016-09-30 17:00:00,19,25.36,24.7803705172721,24.3187600791289,25.1890210920557
"500",2016-09-30 17:00:00,20,-7.29,-7.66548589779344,-7.9309543385166,-7.38845195258986
"501",2016-09-30 17:00:00,21,-9.93,-9.98430908239093,-10.0643146343611,-9.90667781663231
"502",2016-09-30 17:00:00,22,-24.53,-24.530000000003,-24.530000000597,-24.5299999993448
"503",2016-09-30 17:00:00,23,-23.19,-23.2767063811592,-23.4089305114454,-23.1561738285379
"504",2016-09-30 17:00:00,24,19.51,18.8580224544235,18.3619862971984,19.3866232954338
"505",2016-09-30 17:00:00,25,-22.99,-23.0390352013041,-23.1285234848408,-22.9466496313803
"506",2016-09-30 17:00:00,26,12.52,11.9764481090082,11.4796467623363,12.470858976623
"507",2016-09-30 17:00:00,27,34.76,34.303322138246,33.9682840582985,34.6173045644134
"508",2016-09-30 17:00:00,28,-8.32,-8.77528243022832,-9.14023527806309,-8.42867501777497
"509",2016-09-30 17:00:00,29,22.7,22.0275738656501,21.3924307427446,22.634598552292
"510",2016-09-30 17:00:00,30,19.19,18.435197812787,17.9077791421586,19.0223617962635
"511",2016-12-31 17:00:00,1,-30.37,-30.360768985484,-30.4621459860033,-30.2707956466309
"512",2016-12-31 17:00:00,2,17.75,17.7297038140666,17.3261368279775,18.1869716789042
"513",2016-12-31 17:00:00,3,33.85,33.8001981782259,33.2418698674127,34.3785206394443
"514",2016-12-31 17:00:00,4,17.06,16.9487958563625,16.5229885574119,17.356919487946
"515",2016-12-31 17:00:00,5,-25.56,-25.3785996461771,-25.6908347130446,-25.0481432956528
"516",2016-12-31 17:00:00,6,-8.9,-8.99503416253319,-9.45845297109896,-8.542580746697
"517",2016-12-31 17:00:00,7,32.25,32.2500000000005,32.2499999988885,32.2500000010843
"518",2016-12-31 17:00:00,8,1.15,1.32103790074208,1.14201370858339,1.50046278468166
"519",2016-12-31 17:00:00,9,7.61,7.41414957295015,6.91181842731267,7.91296156130993
"520",2016-12-31 17:00:00,10,5.17,5.52822091515529,4.88701327296591,6.15737661400485
"521",2016-12-31 17:00:00,11,-12.48,-12.4890971403222,-12.5498109915508,-12.426858887946
"522",2016-12-31 17:00:00,12,-26.27,-26.2799769019526,-26.3946775780297,-26.1811946118353
"523",2016-12-31 17:00:00,13,-17.3,-17.3374528817384,-17.452019436654,-17.2381261273646
"524",2016-12-31 17:00:00,14,-14.17,-14.2118400396544,-14.2530465918291,-14.1729449026293
"525",2016-12-31 17:00:00,15,-19.51,-19.4967908899809,-19.6227655040835,-19.3712181662645
"526",2016-12-31 17:00:00,16,-19.36,-19.3670539728984,-19.4564044702113,-19.2774291562573
"527",2016-12-31 17:00:00,17,-11.48,-11.5136407446675,-11.6885746069315,-11.3171847571714
"528",2016-12-31 17:00:00,18,-4.2,-4.25243321506778,-4.6898163332855,-3.79511026350867
"529",2016-12-31 17:00:00,19,25.64,25.4637224139198,25.03463371622,25.9135094351303
"530",2016-12-31 17:00:00,20,-7.31,-7.38241124406449,-7.66660932703468,-7.09671979112805
"531",2016-12-31 17:00:00,21,-10.02,-9.980095624357,-10.0502132174643,-9.89657695434435
"532",2016-12-31 17:00:00,22,-24.57,-24.5700000000005,-24.570000000614,-24.5699999993615
"533",2016-12-31 17:00:00,23,-23.21,-23.2210980074662,-23.3449939221498,-23.1031952534628
"534",2016-12-31 17:00:00,24,19.45,19.1867104021013,18.7078914726523,19.6789458980448
"535",2016-12-31 17:00:00,25,-22.9,-22.941067126737,-23.0418215127776,-22.8527032885807
"536",2016-12-31 17:00:00,26,12.67,12.4622183441824,11.9615203192621,13.0326291126158
"537",2016-12-31 17:00:00,27,34.83,34.7595877779474,34.4784766305988,35.0533916545714
"538",2016-12-31 17:00:00,28,-8.22,-8.39451229751674,-8.74452714578692,-8.03026182832156
"539",2016-12-31 17:00:00,29,22.93,22.7125906014347,22.117530787265,23.3708262183696
"540",2016-12-31 17:00:00,30,19.19,19.0296121658458,18.4464678910248,19.5916366956687
"541",2017-03-31 17:00:00,1,-30.55,-30.3955677868806,-30.4890235267563,-30.2991746559537
"542",2017-03-31 17:00:00,2,17.7,17.3733737902492,16.9317743169705,17.8440364173902
"543",2017-03-31 17:00:00,3,33.78,33.5491780673213,33.0060416681024,34.0626532824015
"544",2017-03-31 17:00:00,4,16.88,16.2616150525216,15.8555857698597,16.679922324408
"545",2017-03-31 17:00:00,5,-25.88,-25.3918523331292,-25.6903931644938,-25.0684882669043
"546",2017-03-31 17:00:00,6,-9.02,-9.32105104626013,-9.7788860351259,-8.84141210754938
"547",2017-03-31 17:00:00,7,32.06,32.0599999999973,32.0599999989212,32.0600000010766
"548",2017-03-31 17:00:00,8,0.970000000000002,1.28140949430475,1.11417119639086,1.45024929855961
"549",2017-03-31 17:00:00,9,7.48,7.16277600140267,6.62204155315917,7.64653214139772
"550",2017-03-31 17:00:00,10,5.11,5.0107796315179,4.41529145311658,5.64337522244062
"551",2017-03-31 17:00:00,11,-12.56,-12.5388983648393,-12.5990435391221,-12.4811757289663
"552",2017-03-31 17:00:00,12,-26.28,-26.2894260334398,-26.3986412486397,-26.1816188148804
"553",2017-03-31 17:00:00,13,-17.53,-17.4529590552701,-17.5597035196417,-17.3508611633548
"554",2017-03-31 17:00:00,14,-14.57,-14.5094503262651,-14.548121149964,-14.4672451638421
"555",2017-03-31 17:00:00,15,-19.55,-19.574136677026,-19.7002733234096,-19.4589301297024
"556",2017-03-31 17:00:00,16,-19.63,-19.5459257990085,-19.6340218300948,-19.4632933505525
"557",2017-03-31 17:00:00,17,-11.48,-11.5791142643204,-11.7782942893886,-11.3735084854809
"558",2017-03-31 17:00:00,18,-4.13,-4.54831457682127,-5.00323262250252,-4.11319399660588
"559",2017-03-31 17:00:00,19,25.64,24.9804318230125,24.541719456084,25.380298967437
"560",2017-03-31 17:00:00,20,-7.38,-7.44724101185961,-7.7083381789608,-7.15151509916354
"561",2017-03-31 17:00:00,21,-10.07,-10.0589271269652,-10.130284612655,-9.98654564293163
"562",2017-03-31 17:00:00,22,-24.68,-24.6800000000021,-24.6800000006515,-24.6799999994017
"563",2017-03-31 17:00:00,23,-23.29,-23.3108258905347,-23.4358407004564,-23.193699933405
"564",2017-03-31 17:00:00,24,19.33,18.7649510507783,18.248081580001,19.2530084048499
"565",2017-03-31 17:00:00,25,-22.97,-22.959434978769,-23.0544925435797,-22.8675596297219
"566",2017-03-31 17:00:00,26,12.66,12.0514666886201,11.5223200782374,12.5480024164541
"567",2017-03-31 17:00:00,27,34.78,34.4303578415362,34.1157100244544,34.7186455798646
"568",2017-03-31 17:00:00,28,-8.26,-8.54766965606978,-8.89430870240145,-8.17757934310125
"569",2017-03-31 17:00:00,29,22.94,22.0371443125454,21.4448953889515,22.6485362512627
"570",2017-03-31 17:00:00,30,19.17,18.5196580078944,17.962005843267,19.0839530023813
"571",2017-06-30 17:00:00,1,-30.62,-30.7067241449397,-30.8023855826727,-30.6210407211006
"572",2017-06-30 17:00:00,2,17.76,17.4496596201602,16.9798455193566,17.9040069448694
"573",2017-06-30 17:00:00,3,33.69,33.4353685824614,32.8465621225306,33.9173015405045
"574",2017-06-30 17:00:00,4,16.97,16.4028842038648,16.0018773280411,16.8355826056294
"575",2017-06-30 17:00:00,5,-26.15,-26.3316370542619,-26.6485122530375,-26.0120449704367
"576",2017-06-30 17:00:00,6,-9.29,-9.29359301185499,-9.77563615072925,-8.86064463220912
"577",2017-06-30 17:00:00,7,31.66,31.6600000000017,31.6599999988572,31.6600000011305
"578",2017-06-30 17:00:00,8,0.719999999999999,0.741844972832969,0.568432315223567,0.912309721671605
"579",2017-06-30 17:00:00,9,7.47,7.63531439338607,7.11665514734324,8.12578246185724
"580",2017-06-30 17:00:00,10,5.09999999999999,5.30005988701112,4.63755441977121,5.92357504945047
"581",2017-06-30 17:00:00,11,-12.56,-12.5911726629147,-12.6500783304286,-12.5327441738303
"582",2017-06-30 17:00:00,12,-26.15,-26.1280651835847,-26.2389073962847,-26.0198377326883
"583",2017-06-30 17:00:00,13,-17.64,-17.6687466426438,-17.777088889901,-17.5677386778245
"584",2017-06-30 17:00:00,14,-14.75,-14.7575640738272,-14.797556543369,-14.7170384476429
"585",2017-06-30 17:00:00,15,-19.51,-19.4483953718656,-19.5764400896515,-19.3199418604988
"586",2017-06-30 17:00:00,16,-19.74,-19.6809314449248,-19.760040048163,-19.5888880485365
"587",2017-06-30 17:00:00,17,-11.3,-11.2213715659741,-11.4136767630927,-11.0236487255
"588",2017-06-30 17:00:00,18,-3.94,-3.93167720323373,-4.369743811678,-3.49419875306365
"589",2017-06-30 17:00:00,19,25.6,25.4950031695112,25.0781669349645,25.9258331813519
"590",2017-06-30 17:00:00,20,-7.25,-7.12704574149533,-7.42884929626738,-6.85332726620462
"591",2017-06-30 17:00:00,21,-9.99,-10.0414201293476,-10.1110658486737,-9.96890079451408
"592",2017-06-30 17:00:00,22,-24.59,-24.5899999999986,-24.5900000006183,-24.5899999993516
"593",2017-06-30 17:00:00,23,-23.22,-23.1893424248079,-23.3056630408095,-23.062308570785
"594",2017-06-30 17:00:00,24,19.43,19.4074617988842,18.9059547457346,19.8940796518446
"595",2017-06-30 17:00:00,25,-22.88,-22.8450141069623,-22.9381251978975,-22.7517417808778
"596",2017-06-30 17:00:00,26,12.73,12.5613485004696,12.0560319384224,13.0989516331032
"597",2017-06-30 17:00:00,27,34.79,34.7269713040754,34.3914368587502,35.0233727555514
"598",2017-06-30 17:00:00,28,-8.07,-8.06029346448645,-8.43128093344374,-7.68958497470995
"599",2017-06-30 17:00:00,29,22.97,22.5201378473883,21.8996891818862,23.108313415184
"600",2017-06-30 17:00:00,30,19.25,19.1882631671002,18.629203221993,19.7671749544484
"601",2017-09-30 17:00:00,1,-30.85,-30.8911992231081,-30.9769458986036,-30.8090567938301
"602",2017-09-30 17:00:00,2,17.66,17.6575906504645,17.2147769204637,18.0749157038508
"603",2017-09-30 17:00:00,3,33.71,33.5645566739631,33.0294655302458,34.0938809403213
"604",2017-09-30 17:00:00,4,17.1,16.9638598387841,16.5412107017693,17.3782092055704
"605",2017-09-30 17:00:00,5,-26.52,-26.8337303053874,-27.1506567515568,-26.51077980459
"606",2017-09-30 17:00:00,6,-9.5,-9.03025228394372,-9.48156988852094,-8.58936170336518
"607",2017-09-30 17:00:00,7,31.47,31.4700000000041,31.4699999988554,31.470000001086
"608",2017-09-30 17:00:00,8,0.449999999999999,0.293748618734581,0.132265607077965,0.468221376123455
"609",2017-09-30 17:00:00,9,7.32,8.05549414681179,7.59012914943379,8.56127021548272
"610",2017-09-30 17:00:00,10,5.05,5.60114632311994,4.96041872103885,6.28970306065423
"611",2017-09-30 17:00:00,11,-12.64,-12.6076352626038,-12.6669572420017,-12.543996268576
"612",2017-09-30 17:00:00,12,-26.05,-25.9986242830218,-26.1152546689996,-25.8904907486377
"613",2017-09-30 17:00:00,13,-17.61,-17.5977186245119,-17.7009385291455,-17.495510624907
"614",2017-09-30 17:00:00,14,-14.85,-14.8517603836034,-14.8940041937407,-14.8142009285552
"615",2017-09-30 17:00:00,15,-19.41,-19.3637753427608,-19.4920302933947,-19.2367985159159
"616",2017-09-30 17:00:00,16,-19.71,-19.6958797812656,-19.7817521758325,-19.6055373037434
"617",2017-09-30 17:00:00,17,-11.08,-10.9679564773288,-11.159451754599,-10.7715567959824
"618",2017-09-30 17:00:00,18,-3.74,-3.48880096090845,-3.92418904657422,-3.06062387995369
"619",2017-09-30 17:00:00,19,25.6,26.0221133045331,25.6030828797324,26.4423112624027
"620",2017-09-30 17:00:00,20,-7.19,-6.95096925906012,-7.22771685543942,-6.69743658539744
"621",2017-09-30 17:00:00,21,-9.96,-10.044717297411,-10.1190890136737,-9.96753642352556
"622",2017-09-30 17:00:00,22,-24.53,-24.530000000004,-24.5300000006544,-24.5299999993297
"623",2017-09-30 17:00:00,23,-23.17,-23.1129332390947,-23.2266103631058,-22.9905173262598
"624",2017-09-30 17:00:00,24,19.34,19.8213365229593,19.3428931601928,20.280764101685
"625",2017-09-30 17:00:00,25,-22.66,-22.6351071445762,-22.7315013617106,-22.535970355585
"626",2017-09-30 17:00:00,26,12.74,13.1107601887387,12.5835193198074,13.5792593449074
"627",2017-09-30 17:00:00,27,34.82,35.0875076669874,34.771353291203,35.3844782645069
"628",2017-09-30 17:00:00,28,-7.95,-7.6548096810234,-7.99401635778695,-7.29536675635284
"629",2017-09-30 17:00:00,29,22.97,23.2124165342727,22.5609882666487,23.8046692343706
"630",2017-09-30 17:00:00,30,19.38,19.7619536438664,19.2030006894194,20.3236986994543
"631",2017-12-31 17:00:00,1,-30.94,-30.9401683995358,-31.0271782746028,-30.8494402818407
"632",2017-12-31 17:00:00,2,17.76,17.6779839509982,17.2460729309616,18.1146454174557
"633",2017-12-31 17:00:00,3,33.64,33.7101885107331,33.2105849398468,34.208040978138
"634",2017-12-31 17:00:00,4,16.97,16.8470098466397,16.4507722095065,17.2398267106299
"635",2017-12-31 17:00:00,5,-27.08,-27.1333027732904,-27.4453237607908,-26.8078158150697
"636",2017-12-31 17:00:00,6,-9.44,-9.06780177308648,-9.53562687934893,-8.59251551408399
"637",2017-12-31 17:00:00,7,31.77,31.7699999999958,31.7699999989285,31.7700000011442
"638",2017-12-31 17:00:00,8,0.259999999999998,0.0721653361304857,-0.095257819581767,0.24168966834801
"639",2017-12-31 17:00:00,9,7.42,8.185107944233,7.6593032278436,8.69344188925522
"640",2017-12-31 17:00:00,10,5.07,5.60824649756832,4.98780627746028,6.23172928320947
"641",2017-12-31 17:00:00,11,-12.44,-12.4721416167332,-12.5336293728545,-12.4072338463005
"642",2017-12-31 17:00:00,12,-25.94,-25.8825706758458,-25.9971220331234,-25.7677003008711
"643",2017-12-31 17:00:00,13,-17.65,-17.6232261020866,-17.7342833938167,-17.5140420366145
"644",2017-12-31 17:00:00,14,-14.99,-14.9531614246028,-14.9948537083679,-14.9141788283279
"645",2017-12-31 17:00:00,15,-19.41,-19.3766583952342,-19.5015022211042,-19.2461864501704
"646",2017-12-31 17:00:00,16,-19.75,-19.7027665499986,-19.7891117133813,-19.6154858801394
"647",2017-12-31 17:00:00,17,-10.81,-10.722406723878,-10.9142606727353,-10.5237310473933
"648",2017-12-31 17:00:00,18,-3.8,-3.20420919626645,-3.65635945410339,-2.76992073807985
"649",2017-12-31 17:00:00,19,26.28,26.4329764851101,26.0140909255083,26.8788687290527
"650",2017-12-31 17:00:00,20,-7.04,-6.74893785118572,-7.02097791884477,-6.44961997523798
"651",2017-12-31 17:00:00,21,-10,-10.0431740262779,-10.1161101920459,-9.97034023123381
"652",2017-12-31 17:00:00,22,-24.5,-24.4999999999994,-24.5000000006088,-24.4999999993743
"653",2017-12-31 17:00:00,23,-23.18,-23.1465280184819,-23.258926556738,-23.0170856238905
"654",2017-12-31 17:00:00,24,19.46,20.0370028709536,19.5690925898929,20.5538269867161
"655",2017-12-31 17:00:00,25,-22.48,-22.4887643207342,-22.587183957043,-22.3991704443582
"656",2017-12-31 17:00:00,26,12.81,13.3987286110081,12.8997590568739,13.9263956860676
"657",2017-12-31 17:00:00,27,35.18,35.3047800277033,34.9891691362809,35.6255122077415
"658",2017-12-31 17:00:00,28,-7.91,-7.44513917547372,-7.77663446776661,-7.08219279029942
"659",2017-12-31 17:00:00,29,23.2,23.5998212314022,22.9973027892811,24.242476574142
"660",2017-12-31 17:00:00,30,19.67,20.114009502366,19.5395914807061,20.6923864917912
"661",2018-03-31 17:00:00,1,-31.09,-31.2456009777885,-31.3347387804558,-31.1546669310194
"662",2018-03-31 17:00:00,2,17.58,17.8064935621133,17.3372313740572,18.2758250169729
"663",2018-03-31 17:00:00,3,33.8,34.2708646674663,33.7569182400366,34.8111667670054
"664",2018-03-31 17:00:00,4,16.88,16.8139941587878,16.4130613788922,17.2468575312899
"665",2018-03-31 17:00:00,5,-27.22,-27.7710797463974,-28.1038236980201,-27.4403322689349
"666",2018-03-31 17:00:00,6,-9.65,-9.20569205984585,-9.6761924224501,-8.74497532085042
"667",2018-03-31 17:00:00,7,31.61,31.6100000000017,31.609999998806,31.6100000011424
"668",2018-03-31 17:00:00,8,0.0199999999999996,-0.167831644122402,-0.330677294260301,0.00833330988878286
"669",2018-03-31 17:00:00,9,7.44,8.26195999820496,7.77773629879006,8.75380176180678
"670",2018-03-31 17:00:00,10,5.02,5.55234169541839,4.91243043872323,6.16846353226689
"671",2018-03-31 17:00:00,11,-12.35,-12.2269041538084,-12.2895019164896,-12.1666123097554
"672",2018-03-31 17:00:00,12,-25.73,-25.5617444937832,-25.6748069074012,-25.4442007058155
"673",2018-03-31 17:00:00,13,-17.72,-17.5640906733392,-17.673248286217,-17.4531826700454
"674",2018-03-31 17:00:00,14,-15.09,-15.1445103667746,-15.1857794141694,-15.1027692751304
"675",2018-03-31 17:00:00,15,-19.4,-19.1479400248548,-19.280521684506,-19.0117684919821
"676",2018-03-31 17:00:00,16,-19.74,-19.7962024103156,-19.8869467952613,-19.7044449554744
"677",2018-03-31 17:00:00,17,-10.71,-10.396765434984,-10.5931157446803,-10.202558598437
"678",2018-03-31 17:00:00,18,-3.71,-3.02179591825171,-3.46759230552648,-2.57748860010343
"679",2018-03-31 17:00:00,19,26.65,27.0442345210315,26.5908452730449,27.4719057070949
"680",2018-03-31 17:00:00,20,-6.86,-6.53861162842895,-6.8083455245376,-6.25807686745706
"681",2018-03-31 17:00:00,21,-10.18,-10.055652940846,-10.1321641469436,-9.9860609433178
"682",2018-03-31 17:00:00,22,-24.67,-24.669999999998,-24.6700000006073,-24.6699999993699
"683",2018-03-31 17:00:00,23,-23.07,-22.8605257948871,-22.9842220827339,-22.7453563310493
"684",2018-03-31 17:00:00,24,19.43,20.3712269074187,19.8736252715184,20.8771525095512
"685",2018-03-31 17:00:00,25,-22.37,-22.2092652683635,-22.3116573357568,-22.1217193175089
"686",2018-03-31 17:00:00,26,12.93,13.6845601246334,13.1884197983695,14.1982477540355
"687",2018-03-31 17:00:00,27,35.33,35.8510468327757,35.5279237883522,36.1669642096434
"688",2018-03-31 17:00:00,28,-7.84,-7.20841600559511,-7.55754379540936,-6.86470309369746
"689",2018-03-31 17:00:00,29,23.33,24.081106925539,23.4490551716525,24.7212223714935
"690",2018-03-31 17:00:00,30,19.72,20.4266041907913,19.8661792054906,20.9616490329786
"691",2018-06-30 17:00:00,1,-31.66,-31.4721106214822,-31.5586867293768,-31.379251006285
"692",2018-06-30 17:00:00,2,17.82,17.5667956074765,17.1034688903772,18.020483542825
"693",2018-06-30 17:00:00,3,33.86,33.5321056886009,32.9917061084491,34.0080090411038
"694",2018-06-30 17:00:00,4,16.75,16.8002153605318,16.3981110237046,17.2362958208625
"695",2018-06-30 17:00:00,5,-28.34,-28.3736706820512,-28.7133403441007,-28.0328698208578
"696",2018-06-30 17:00:00,6,-10,-9.32321639187305,-9.77185846659559,-8.84453053238618
"697",2018-06-30 17:00:00,7,31.25,31.2499999999977,31.2499999988459,31.2500000011399
"698",2018-06-30 17:00:00,8,-0.380000000000003,-0.451302191605689,-0.636639286099995,-0.274512502920258
"699",2018-06-30 17:00:00,9,8.59,8.52828486409204,8.01137795117634,9.02853702893873
"700",2018-06-30 17:00:00,10,5.86,5.67359600840536,5.07044287948784,6.32720904495757
"701",2018-06-30 17:00:00,11,-12.07,-12.104994443928,-12.1622980711676,-12.0489551802401
"702",2018-06-30 17:00:00,12,-25.22,-25.2552212783863,-25.3639539089838,-25.1416356617228
"703",2018-06-30 17:00:00,13,-17.61,-17.5518652556368,-17.6627400079085,-17.4471365899938
"704",2018-06-30 17:00:00,14,-15.29,-15.2987938098383,-15.3369865155745,-15.2549706339495
"705",2018-06-30 17:00:00,15,-18.71,-18.8342092459906,-18.9667133566104,-18.7104356836845
"706",2018-06-30 17:00:00,16,-19.75,-19.8441709164582,-19.9362391040198,-19.7572971074016
"707",2018-06-30 17:00:00,17,-10.01,-10.0418473109591,-10.2309669144683,-9.8532786360436
"708",2018-06-30 17:00:00,18,-2.69,-2.6005606172036,-3.02029297868587,-2.14999707930861
"709",2018-06-30 17:00:00,19,27,26.8532872013231,26.4291325179032,27.31853199981
"710",2018-06-30 17:00:00,20,-6.17,-6.26121730075718,-6.53759459861425,-5.99503183735086
"711",2018-06-30 17:00:00,21,-10.03,-9.91529511004996,-9.99220442351082,-9.84361796478221
"712",2018-06-30 17:00:00,22,-24.51,-24.5100000000024,-24.5100000006249,-24.5099999993814
"713",2018-06-30 17:00:00,23,-22.49,-22.5210494936624,-22.6421562498455,-22.4065858911699
"714",2018-06-30 17:00:00,24,20.64,20.6206958326884,20.1417863792569,21.1619530885356
"715",2018-06-30 17:00:00,25,-21.96,-21.937257683304,-22.0352370761461,-21.8416728601265
"716",2018-06-30 17:00:00,26,13.59,13.8051845298617,13.2776503319383,14.3374610708526
"717",2018-06-30 17:00:00,27,35.69,35.6408489317552,35.3271589183992,35.9562484321238
"718",2018-06-30 17:00:00,28,-6.96,-6.85877365327027,-7.22210071038361,-6.50888152948898
"719",2018-06-30 17:00:00,29,24.02,23.872465888004,23.2245624964256,24.4473490731545
"720",2018-06-30 17:00:00,30,20.71,20.5289764987894,19.9750514243956,21.0766258640697
"721",2018-09-30 17:00:00,1,-31.73,-31.7102777369948,-31.8050164395728,-31.6242839233424
"722",2018-09-30 17:00:00,2,17.7,17.5884349389191,17.16053735464,18.0159355222655
"723",2018-09-30 17:00:00,3,33.75,33.708142760018,33.1637198137118,34.2538176640167
"724",2018-09-30 17:00:00,4,16.99,16.7808562715106,16.378693070919,17.1822561615458
"725",2018-09-30 17:00:00,5,-29.59,-29.1498005685367,-29.4564165374779,-28.8127292501402
"726",2018-09-30 17:00:00,6,-8.52,-9.06287920473006,-9.48309495430903,-8.59055469709813
"727",2018-09-30 17:00:00,7,31.06,31.0599999999924,31.0599999988191,31.0600000011073
"728",2018-09-30 17:00:00,8,-0.960000000000004,-0.844932382698312,-1.01110983289861,-0.676589040204075
"729",2018-09-30 17:00:00,9,9.49,8.87344699586694,8.37468581446157,9.41232483115452
"730",2018-09-30 17:00:00,10,6.5,5.68526555903162,5.05603771106992,6.27461066785267
"731",2018-09-30 17:00:00,11,-11.84,-11.9333955732769,-11.9899828977068,-11.8697213706733
"732",2018-09-30 17:00:00,12,-24.71,-24.9247179915313,-25.040215211426,-24.8164301173788
"733",2018-09-30 17:00:00,13,-17.28,-17.4396384322612,-17.5488643467468,-17.3323159190649
"734",2018-09-30 17:00:00,14,-15.42,-15.415364971987,-15.4581150353748,-15.3774233052166
"735",2018-09-30 17:00:00,15,-18.27,-18.4988550614946,-18.6131075800237,-18.372257543273
"736",2018-09-30 17:00:00,16,-19.83,-19.9668314922129,-20.0532323076455,-19.8844066729065
"737",2018-09-30 17:00:00,17,-9.44,-9.70657442835,-9.90135069978426,-9.51108499627422
"738",2018-09-30 17:00:00,18,-2.01,-2.28585551381251,-2.71360642243479,-1.82797541245137
"739",2018-09-30 17:00:00,19,27.51,27.1620669439025,26.7694849342735,27.5970565246643
"740",2018-09-30 17:00:00,20,-5.71,-6.00667745305593,-6.28909213097031,-5.71858968404367
"741",2018-09-30 17:00:00,21,-9.83,-9.79081686182414,-9.85808607273327,-9.71716693321839
"742",2018-09-30 17:00:00,22,-24.42,-24.4199999999996,-24.4200000006026,-24.419999999388
"743",2018-09-30 17:00:00,23,-22.1,-22.3168658893594,-22.4463572142346,-22.1878341941392
"744",2018-09-30 17:00:00,24,21.68,21.1549787648625,20.6166363030198,21.6326397023714
"745",2018-09-30 17:00:00,25,-21.58,-21.7566515919138,-21.8562201477012,-21.6600002621367
"746",2018-09-30 17:00:00,26,14.62,14.243178455507,13.7520518222825,14.7872971440093
"747",2018-09-30 17:00:00,27,36.2,35.8699448696302,35.5583912679131,36.1861782474262
"748",2018-09-30 17:00:00,28,-6.18,-6.50843054319042,-6.88019314452799,-6.16860978258817
"749",2018-09-30 17:00:00,29,24.62,24.3935874818523,23.7609301846111,25.0191865792643
"750",2018-09-30 17:00:00,30,21.35,21.020086180166,20.4584125223004,21.6299947227669
"751",2018-12-31 17:00:00,1,-31.9,-31.9694204805427,-32.060296193224,-31.8788508119411
"752",2018-12-31 17:00:00,2,17.62,17.5693433303622,17.1134647470464,18.0006147611109
"753",2018-12-31 17:00:00,3,33.61,33.7919773423976,33.2565196920925,34.3182786814038
"754",2018-12-31 17:00:00,4,16.8,16.632347811008,16.2197806080067,17.0380884364731
"755",2018-12-31 17:00:00,5,-29.9,-29.7107229225546,-30.0366939357886,-29.3976209008695
"756",2018-12-31 17:00:00,6,-8.49,-9.08998285444757,-9.57363276005321,-8.62494778889943
"757",2018-12-31 17:00:00,7,30.92,30.9199999999932,30.9199999989155,30.9200000011091
"758",2018-12-31 17:00:00,8,-1.33,-1.21060576546004,-1.37730075375548,-1.02946475695731
"759",2018-12-31 17:00:00,9,9.56,9.0258338189254,8.51982975974912,9.57197107895669
"760",2018-12-31 17:00:00,10,6.49,5.67894984722864,5.0461008012002,6.33572418260096
"761",2018-12-31 17:00:00,11,-11.84,-11.8209776713995,-11.8776374925708,-11.7610989963228
"762",2018-12-31 17:00:00,12,-24.73,-24.8508661053836,-24.957913929761,-24.7392916594036
"763",2018-12-31 17:00:00,13,-17.32,-17.4461774273565,-17.5549544004755,-17.3340685604555
"764",2018-12-31 17:00:00,14,-15.61,-15.6381989342053,-15.6770020357509,-15.5993330150814
"765",2018-12-31 17:00:00,15,-18.28,-18.3424317246044,-18.4647601242768,-18.2140412502051
"766",2018-12-31 17:00:00,16,-20.14,-20.14979148097,-20.229495186076,-20.0666058679583
"767",2018-12-31 17:00:00,17,-9.42,-9.56933031141446,-9.76663794636499,-9.37062169657596
"768",2018-12-31 17:00:00,18,-1.54,-2.14802770229265,-2.57625295139604,-1.70435646708303
"769",2018-12-31 17:00:00,19,27.56,27.387551756183,26.9377550673678,27.8135235186641
"770",2018-12-31 17:00:00,20,-5.62,-5.90975788109755,-6.16341835807702,-5.62549966941039
"771",2018-12-31 17:00:00,21,-9.76,-9.78836939992495,-9.85975298881433,-9.72181122421677
"772",2018-12-31 17:00:00,22,-24.63,-24.6300000000001,-24.630000000643,-24.629999999327
"773",2018-12-31 17:00:00,23,-22.13,-22.2708039892583,-22.3947712990031,-22.1507852056113
"774",2018-12-31 17:00:00,24,21.79,21.3767265591488,20.8812499099434,21.8964914153786
"775",2018-12-31 17:00:00,25,-21.51,-21.6096984527095,-21.7074922933634,-21.5048839740939
"776",2018-12-31 17:00:00,26,15.08,14.4953771202486,14.0062182717844,14.9879659138436
"777",2018-12-31 17:00:00,27,36.16,36.059971896918,35.7307653082426,36.362328806415
"778",2018-12-31 17:00:00,28,-6.06,-6.45032394336953,-6.80679750939627,-6.04043113899838
"779",2018-12-31 17:00:00,29,25,24.6555913075907,23.9923480594142,25.311834200309
"780",2018-12-31 17:00:00,30,21.6,21.1235088323127,20.5262326276495,21.6578617295374
"781",2019-03-31 17:00:00,1,-32.11,-32.0817387006326,-32.1670992493711,-31.9853591575479
"782",2019-03-31 17:00:00,2,17.43,17.5423817541216,17.0648875215039,17.9740590064849
"783",2019-03-31 17:00:00,3,33.75,33.8009867521505,33.3398085597925,34.3548194375695
"784",2019-03-31 17:00:00,4,16.51,16.7603162043128,16.3515497712576,17.1660946131951
"785",2019-03-31 17:00:00,5,-30.31,-30.1421102117919,-30.4601994689649,-29.8224312764201
"786",2019-03-31 17:00:00,6,-8.85,-9.15954390068298,-9.62582491372997,-8.69834994136734
"787",2019-03-31 17:00:00,7,30.73,30.729999999996,30.7299999989227,30.7300000011256
"788",2019-03-31 17:00:00,8,-1.45,-1.42247722074062,-1.59287726433469,-1.2614447584382
"789",2019-03-31 17:00:00,9,9.7,9.27449984073444,8.76425860628899,9.76541809273725
"790",2019-03-31 17:00:00,10,6.59,6.04657727941001,5.42403879333165,6.69697121555961
"791",2019-03-31 17:00:00,11,-11.75,-11.7049013582624,-11.7666998716276,-11.6410258157277
"792",2019-03-31 17:00:00,12,-24.62,-24.6451529416428,-24.7612392014013,-24.5368085520428
"793",2019-03-31 17:00:00,13,-17.45,-17.4728024360885,-17.58498191211,-17.3611645669321
"794",2019-03-31 17:00:00,14,-15.75,-15.7660779798945,-15.8072678172205,-15.7237090264759
"795",2019-03-31 17:00:00,15,-18.25,-18.2506292787568,-18.3745881937716,-18.1210655716483
"796",2019-03-31 17:00:00,16,-20.3,-20.2691036667977,-20.3645095650791,-20.1845224793014
"797",2019-03-31 17:00:00,17,-9.29,-9.31484120850011,-9.51664174156353,-9.13049240101907
"798",2019-03-31 17:00:00,18,-1.29,-1.60404137117371,-2.04221830029142,-1.14812754798421
"799",2019-03-31 17:00:00,19,27.63,27.6482106501965,27.21477770491,28.0909276185366
"800",2019-03-31 17:00:00,20,-5.6,-5.67370665709924,-5.95695784901239,-5.38585549669653
"801",2019-03-31 17:00:00,21,-9.68,-9.73399093784674,-9.80786784669798,-9.66042348790943
"802",2019-03-31 17:00:00,22,-24.74,-24.7399999999986,-24.7400000006791,-24.7399999993392
"803",2019-03-31 17:00:00,23,-22.15,-22.1515295149697,-22.2763179338991,-22.0297123876575
"804",2019-03-31 17:00:00,24,21.9,21.6446831491943,21.1370435824768,22.1555404137791
"805",2019-03-31 17:00:00,25,-21.53,-21.5341801921686,-21.6231656870086,-21.4386512534339
"806",2019-03-31 17:00:00,26,15.11,14.9049637604821,14.4099435970188,15.3989199187927
"807",2019-03-31 17:00:00,27,36.2,36.1051615814011,35.7998996174149,36.4121730718369
"808",2019-03-31 17:00:00,28,-5.85,-6.05261255419549,-6.41947491881696,-5.66680363492406
"809",2019-03-31 17:00:00,29,25.11,25.0589781468654,24.4074060967369,25.6965618949354
"810",2019-03-31 17:00:00,30,21.66,21.5630271328645,20.9877318828515,22.1376525127423
"811",2019-06-30 17:00:00,1,-32.27,-32.2796031926746,-32.3720578215382,-32.1930257604482
"812",2019-06-30 17:00:00,2,17.39,17.4521057824221,16.9898989245171,17.8944507540023
"813",2019-06-30 17:00:00,3,33.75,33.6694547836276,33.1506999822375,34.1794615304347
"814",2019-06-30 17:00:00,4,16.37,16.6908362800952,16.3117266473071,17.1003828678177
"815",2019-06-30 17:00:00,5,-30.63,-30.8293923906882,-31.13697705017,-30.5011664379257
"816",2019-06-30 17:00:00,6,-9.08,-9.31977787870889,-9.77657835453563,-8.86385000660618
"817",2019-06-30 17:00:00,7,30.34,30.339999999999,30.3399999989546,30.3400000010997
"818",2019-06-30 17:00:00,8,-1.79,-1.70839844404252,-1.87651712944904,-1.53127496059348
"819",2019-06-30 17:00:00,9,9.88,9.44079266674116,8.91492523314557,9.94837699453235
"820",2019-06-30 17:00:00,10,6.76,6.04565706214829,5.39281956280154,6.63198026730063
"821",2019-06-30 17:00:00,11,-11.54,-11.5675369284994,-11.6266461589991,-11.5082711214633
"822",2019-06-30 17:00:00,12,-24.58,-24.4108268489331,-24.5243365095493,-24.2992470652289
"823",2019-06-30 17:00:00,13,-17.48,-17.3789522376085,-17.4859579586476,-17.2773961732657
"824",2019-06-30 17:00:00,14,-15.97,-15.9225401018402,-15.9627196040494,-15.8838213528642
"825",2019-06-30 17:00:00,15,-18.07,-17.9563724755933,-18.0747329104732,-17.8285283718827
"826",2019-06-30 17:00:00,16,-20.4,-20.2901397628716,-20.3772597396264,-20.2097040595285
"827",2019-06-30 17:00:00,17,-9.02,-8.94878635994807,-9.14329417286771,-8.74582154021423
"828",2019-06-30 17:00:00,18,-0.960000000000001,-1.26655535865894,-1.72004835727321,-0.861745781563507
"829",2019-06-30 17:00:00,19,27.56,27.7265575543283,27.3007557652063,28.1341727106727
"830",2019-06-30 17:00:00,20,-5.36,-5.37576468681615,-5.65326732654597,-5.09633550481326
"831",2019-06-30 17:00:00,21,-9.54,-9.58290350510071,-9.65849482422079,-9.50736604351835
"832",2019-06-30 17:00:00,22,-24.77,-24.7700000000012,-24.770000000663,-24.7699999993512
"833",2019-06-30 17:00:00,23,-22.03,-21.8823713183585,-21.9985562996759,-21.7608479763113
"834",2019-06-30 17:00:00,24,21.94,21.8625977939389,21.3571452423981,22.3541910651249
"835",2019-06-30 17:00:00,25,-21.41,-21.3045257096273,-21.401414113352,-21.2134399362167
"836",2019-06-30 17:00:00,26,15.29,15.1140440449623,14.5819956496903,15.6211856103062
"837",2019-06-30 17:00:00,27,36.05,36.1408992660222,35.8191101524297,36.4538402179454
"838",2019-06-30 17:00:00,28,-5.51,-5.67369060970996,-6.02920732579069,-5.29828225313059
"839",2019-06-30 17:00:00,29,25.03,25.0477121648428,24.4264458649664,25.649080524855
"840",2019-06-30 17:00:00,30,21.74,21.7234741884762,21.1567220013249,22.2776103898332
"841",2019-09-30 17:00:00,1,NA,-32.3133754617848,-32.4075043657791,-32.2225676959519
"842",2019-09-30 17:00:00,2,NA,17.3570898911431,16.9222199677381,17.8123171805128
"843",2019-09-30 17:00:00,3,NA,33.7624925672855,33.2668684623427,34.2908626228125
"844",2019-09-30 17:00:00,4,NA,16.594811350137,16.194243873882,16.998972420911
"845",2019-09-30 17:00:00,5,NA,-31.5373916393088,-31.8533989242784,-31.219101997806
"846",2019-09-30 17:00:00,6,NA,-9.05856821338711,-9.48358698703663,-8.59398749264051
"847",2019-09-30 17:00:00,7,NA,29.8581344825274,29.7743413248178,29.9375155123467
"848",2019-09-30 17:00:00,8,NA,-2.03555752524482,-2.20861018015503,-1.87132772505834
"849",2019-09-30 17:00:00,9,NA,9.68289122782109,9.19783894044501,10.1952016112289
"850",2019-09-30 17:00:00,10,NA,5.7537211109012,5.1320652586229,6.39678620128901
"851",2019-09-30 17:00:00,11,NA,-11.2403756840473,-11.3018586735347,-11.1737073966412
"852",2019-09-30 17:00:00,12,NA,-23.6790331866732,-23.7884776135602,-23.5706723988759
"853",2019-09-30 17:00:00,13,NA,-17.0294378934839,-17.1346903639494,-16.9097846709994
"854",2019-09-30 17:00:00,14,NA,-15.9465057218665,-15.9930266112443,-15.8968524107998
"855",2019-09-30 17:00:00,15,NA,-17.3983806584859,-17.5325840828906,-17.2701531029434
"856",2019-09-30 17:00:00,16,NA,-20.1738155171683,-20.2663933542394,-20.0867266029961
"857",2019-09-30 17:00:00,17,NA,-8.4351176981089,-8.63471803473577,-8.24895686794604
"858",2019-09-30 17:00:00,18,NA,-1.09008416313937,-1.51030729490984,-0.637878828675645
"859",2019-09-30 17:00:00,19,NA,28.1976280876651,27.7589712791581,28.6393579102264
"860",2019-09-30 17:00:00,20,NA,-5.08928051577777,-5.37366960581191,-4.82547015568595
"861",2019-09-30 17:00:00,21,NA,-9.41070761792886,-9.48525695923361,-9.33324846361733
"862",2019-09-30 17:00:00,22,NA,-24.6127609293715,-24.6780955207288,-24.5547192229487
"863",2019-09-30 17:00:00,23,NA,-21.3923123066483,-21.5167686003411,-21.2737825552941
"864",2019-09-30 17:00:00,24,NA,22.5200341785688,22.0296650198048,23.0217937389038
"865",2019-09-30 17:00:00,25,NA,-20.7986173697035,-20.8990038111584,-20.6993858234316
"866",2019-09-30 17:00:00,26,NA,15.3729161465472,14.8766699040602,15.8885804973517
"867",2019-09-30 17:00:00,27,NA,36.5634824287972,36.2437543107431,36.856696482939
"868",2019-09-30 17:00:00,28,NA,-5.33857825612755,-5.69420988191947,-4.98708434786614
"869",2019-09-30 17:00:00,29,NA,25.5695518942117,24.93806092865,26.1910976414581
"870",2019-09-30 17:00:00,30,NA,22.2090625435501,21.6260366469828,22.7725160812092
"871",2019-12-31 17:00:00,1,NA,-32.7128556960761,-32.8126971563415,-32.6131695291195
"872",2019-12-31 17:00:00,2,NA,17.4083948497289,16.9728952870663,17.8673801200834
"873",2019-12-31 17:00:00,3,NA,34.0552176076476,33.5768633569703,34.5890850524108
"874",2019-12-31 17:00:00,4,NA,16.3096843299088,15.910984665232,16.6945376923046
"875",2019-12-31 17:00:00,5,NA,-32.1971529887125,-32.5361334003099,-31.8638745894897
"876",2019-12-31 17:00:00,6,NA,-9.06158563015887,-9.50270829509661,-8.59199017267552
"877",2019-12-31 17:00:00,7,NA,29.4212177201159,29.1001625284503,29.7355215099984
"878",2019-12-31 17:00:00,8,NA,-2.52896014382622,-2.70561485588463,-2.36500048484103
"879",2019-12-31 17:00:00,9,NA,9.93608324352788,9.42979738831551,10.4356852471292
"880",2019-12-31 17:00:00,10,NA,5.74100809038783,5.09937909849961,6.31655064232593
"881",2019-12-31 17:00:00,11,NA,-11.0702581228729,-11.1577087272642,-10.9859806661525
"882",2019-12-31 17:00:00,12,NA,-24.056811025825,-24.1785501607135,-23.9355891448659
"883",2019-12-31 17:00:00,13,NA,-17.167182020709,-17.2920279972845,-17.0576053736822
"884",2019-12-31 17:00:00,14,NA,-16.2954834128203,-16.386761987618,-16.198590004535
"885",2019-12-31 17:00:00,15,NA,-17.2303713551415,-17.3519606377223,-17.0908383969767
"886",2019-12-31 17:00:00,16,NA,-20.4190597976827,-20.5343077307051,-20.3088254172822
"887",2019-12-31 17:00:00,17,NA,-8.5216623133032,-8.72846826854837,-8.32622181495104
"888",2019-12-31 17:00:00,18,NA,-1.0831535256791,-1.54550380881322,-0.655020917636434
"889",2019-12-31 17:00:00,19,NA,28.3381176763697,27.9202880124453,28.7652771698623
"890",2019-12-31 17:00:00,20,NA,-5.05555805324374,-5.35683781305705,-4.77638803202436
"891",2019-12-31 17:00:00,21,NA,-9.59600072994321,-9.67787355515902,-9.52065527882927
"892",2019-12-31 17:00:00,22,NA,-24.7862499958909,-24.9800085648644,-24.5752673174041
"893",2019-12-31 17:00:00,23,NA,-21.2793191751854,-21.4135332887309,-21.1372342357039
"894",2019-12-31 17:00:00,24,NA,22.9570730997169,22.4381024060985,23.4405872917912
"895",2019-12-31 17:00:00,25,NA,-20.6032526026554,-20.728529442272,-20.4724176744379
"896",2019-12-31 17:00:00,26,NA,15.7551648426988,15.2449743543364,16.2539019262312
"897",2019-12-31 17:00:00,27,NA,36.8656040595121,36.5731458153471,37.1816728288418
"898",2019-12-31 17:00:00,28,NA,-5.41045860700981,-5.76766006641383,-5.04983350682489
"899",2019-12-31 17:00:00,29,NA,25.8887475766537,25.2570254907792,26.4926459007018
"900",2019-12-31 17:00:00,30,NA,22.0636866448358,21.4813422772309,22.6098709038653
"901",2020-03-31 17:00:00,1,NA,-33.0873838350205,-33.2090891565764,-32.9591616177617
"902",2020-03-31 17:00:00,2,NA,18.0383338101801,17.5907883054711,18.4676415337789
"903",2020-03-31 17:00:00,3,NA,35.7734544546694,35.2293539674987,36.3139249777459
"904",2020-03-31 17:00:00,4,NA,16.6220225431778,16.232355006291,17.030778239579
"905",2020-03-31 17:00:00,5,NA,-33.4601498670625,-33.8028502035233,-33.0920377250922
"906",2020-03-31 17:00:00,6,NA,-7.92778301149589,-8.36510616548094,-7.44648441679172
"907",2020-03-31 17:00:00,7,NA,28.8105769272833,28.2086133799651,29.4160789470493
"908",2020-03-31 17:00:00,8,NA,-3.27693692977407,-3.44408231390013,-3.10294106383572
"909",2020-03-31 17:00:00,9,NA,11.3602437624639,10.889396845326,11.8536136793434
"910",2020-03-31 17:00:00,10,NA,6.72565458793193,6.0623887767171,7.32195924104106
"911",2020-03-31 17:00:00,11,NA,-10.6597597146892,-10.7838040344183,-10.5429040051729
"912",2020-03-31 17:00:00,12,NA,-23.3986694855776,-23.5384030550148,-23.2594186942749
"913",2020-03-31 17:00:00,13,NA,-17.2983300308203,-17.4424536724138,-17.1711258786731
"914",2020-03-31 17:00:00,14,NA,-16.7185449020781,-16.8831504635254,-16.5399809883342
"915",2020-03-31 17:00:00,15,NA,-16.6326149715215,-16.7662143646729,-16.4829214674253
"916",2020-03-31 17:00:00,16,NA,-20.8365626472846,-21.0204487305781,-20.6617904911024
"917",2020-03-31 17:00:00,17,NA,-7.64059844713891,-7.84813523385817,-7.44614187938998
"918",2020-03-31 17:00:00,18,NA,0.444255836989035,-0.0606894719675972,0.892480576146741
"919",2020-03-31 17:00:00,19,NA,29.3984584241338,28.9733009489352,29.8703231382007
"920",2020-03-31 17:00:00,20,NA,-4.16347194269558,-4.45459620990793,-3.87861508526305
"921",2020-03-31 17:00:00,21,NA,-9.44699850625218,-9.53340325675756,-9.35982045325656
"922",2020-03-31 17:00:00,22,NA,-25.0029057301465,-25.3894069274692,-24.5709822767339
"923",2020-03-31 17:00:00,23,NA,-20.9308906807214,-21.0887620813014,-20.7650580637892
"924",2020-03-31 17:00:00,24,NA,25.4201557706619,24.907817809242,25.9385325700495
"925",2020-03-31 17:00:00,25,NA,-19.9615066448532,-20.1291371416583,-19.7799637890538
"926",2020-03-31 17:00:00,26,NA,18.5262730197136,18.0095275646141,19.0389508008695
"927",2020-03-31 17:00:00,27,NA,37.9789692003748,37.6648340435281,38.2977959703705
"928",2020-03-31 17:00:00,28,NA,-4.29161374102141,-4.672776345042,-3.94038672987806
"929",2020-03-31 17:00:00,29,NA,27.6136634655,26.941337913167,28.2060664052786
"930",2020-03-31 17:00:00,30,NA,23.422019724939,22.8255957075146,24.0112726885496
"931",2020-06-30 17:00:00,1,NA,-34.1137676231846,-34.2620135542999,-33.966622480629
"932",2020-06-30 17:00:00,2,NA,18.9004224739906,18.4495476018959,19.35974879997
"933",2020-06-30 17:00:00,3,NA,37.5245301021093,36.9726520719484,38.0334091500671
"934",2020-06-30 17:00:00,4,NA,17.0237986669627,16.640207062005,17.4215190791452
"935",2020-06-30 17:00:00,5,NA,-35.8491063521678,-36.2217622994354,-35.4761144991309
"936",2020-06-30 17:00:00,6,NA,-7.65103854256872,-8.09549416431721,-7.22117741098001
"937",2020-06-30 17:00:00,7,NA,28.9469177396475,27.9592904866776,29.8963112176954
"938",2020-06-30 17:00:00,8,NA,-4.33265417046101,-4.49852650199432,-4.1525090354362
"939",2020-06-30 17:00:00,9,NA,12.1471702573303,11.6779034918311,12.6094619528927
"940",2020-06-30 17:00:00,10,NA,7.22881765226218,6.65203548536834,7.89095903023055
"941",2020-06-30 17:00:00,11,NA,-10.5068111829513,-10.6884966942307,-10.3287561564409
"942",2020-06-30 17:00:00,12,NA,-22.9196590216277,-23.0861439167124,-22.7570230316642
"943",2020-06-30 17:00:00,13,NA,-17.6141662821405,-17.7940024708462,-17.4464583222261
"944",2020-06-30 17:00:00,14,NA,-17.3024853599472,-17.5851223902744,-17.0122574807862
"945",2020-06-30 17:00:00,15,NA,-16.2713369839061,-16.4290863589991,-16.1011399627023
"946",2020-06-30 17:00:00,16,NA,-21.5251875841949,-21.7786820246689,-21.2863589286857
"947",2020-06-30 17:00:00,17,NA,-6.89100389950259,-7.10809347818227,-6.68962122502121
"948",2020-06-30 17:00:00,18,NA,1.36908022858711,0.91187040148236,1.81396157607824
"949",2020-06-30 17:00:00,19,NA,31.6052881074073,31.1454820887374,32.0918819689763
"950",2020-06-30 17:00:00,20,NA,-3.54397745714771,-3.82875184748485,-3.24196187290057
"951",2020-06-30 17:00:00,21,NA,-9.38065274509897,-9.48834431583316,-9.27854009103037
"952",2020-06-30 17:00:00,22,NA,-25.4640466547849,-26.070536111838,-24.8030982620056
"953",2020-06-30 17:00:00,23,NA,-20.7477781925403,-20.9485743182277,-20.5335456767488
"954",2020-06-30 17:00:00,24,NA,27.0760469345108,26.5533144779048,27.5971981094023
"955",2020-06-30 17:00:00,25,NA,-19.8992151822604,-20.1202007520717,-19.6262047876636
"956",2020-06-30 17:00:00,26,NA,19.9075721070238,19.3788425703436,20.4581659191749
"957",2020-06-30 17:00:00,27,NA,39.673398683867,39.3404065019817,40.0019968022186
"958",2020-06-30 17:00:00,28,NA,-3.49565467028532,-3.87181574649933,-3.13732489105923
"959",2020-06-30 17:00:00,29,NA,29.6865023340484,29.0246738788948,30.3550133392743
"960",2020-06-30 17:00:00,30,NA,25.2860215020311,24.7278705969947,25.9055005278034
"961",2020-09-30 17:00:00,1,NA,-34.5560725789574,-34.7463731950587,-34.357254557309
"962",2020-09-30 17:00:00,2,NA,19.3619921942754,18.9163124441021,19.8180530001183
"963",2020-09-30 17:00:00,3,NA,37.4711239173744,36.8780098498236,38.0083535757424
"964",2020-09-30 17:00:00,4,NA,18.6664761054122,18.2519001370801,19.0725665974651
"965",2020-09-30 17:00:00,5,NA,-36.4264199946607,-36.8221619866906,-36.0122721034088
"966",2020-09-30 17:00:00,6,NA,-7.38075155440723,-7.80089307187727,-6.91872768206308
"967",2020-09-30 17:00:00,7,NA,28.7398171008896,27.3324709425445,30.1380979394331
"968",2020-09-30 17:00:00,8,NA,-4.82185680959345,-4.98769320723264,-4.63503033499784
"969",2020-09-30 17:00:00,9,NA,12.6149167175622,12.1028094498299,13.1077495834726
"970",2020-09-30 17:00:00,10,NA,7.80471765285043,7.15460777055944,8.42070921534619
"971",2020-09-30 17:00:00,11,NA,-10.2016013287393,-10.4655127171818,-9.95910782512078
"972",2020-09-30 17:00:00,12,NA,-22.1099232283305,-22.3097932610344,-21.9151537645772
"973",2020-09-30 17:00:00,13,NA,-17.1141568094852,-17.3301138189344,-16.906257659314
"974",2020-09-30 17:00:00,14,NA,-17.4027110645164,-17.7779684241525,-17.0119531261141
"975",2020-09-30 17:00:00,15,NA,-15.8329534595996,-16.0178428304228,-15.6370556900947
"976",2020-09-30 17:00:00,16,NA,-21.4975431877386,-21.853973180822,-21.1738488449345
"977",2020-09-30 17:00:00,17,NA,-6.2485133854905,-6.4864582082083,-6.02372262526752
"978",2020-09-30 17:00:00,18,NA,1.9295836231621,1.47420625416837,2.39399495324767
"979",2020-09-30 17:00:00,19,NA,32.7255151138081,32.267827775475,33.228232120368
"980",2020-09-30 17:00:00,20,NA,-3.29994895895044,-3.58919429334107,-2.99367271421608
"981",2020-09-30 17:00:00,21,NA,-9.30457837891553,-9.44196130003791,-9.1790838443799
"982",2020-09-30 17:00:00,22,NA,-25.4636447194359,-26.3171798971303,-24.5337010853788
"983",2020-09-30 17:00:00,23,NA,-20.0732479148437,-20.3301206738954,-19.7924456190184
"984",2020-09-30 17:00:00,24,NA,27.6258870787553,27.0783319141386,28.1705715412505
"985",2020-09-30 17:00:00,25,NA,-19.0041532110333,-19.2950212282784,-18.6084127036682
"986",2020-09-30 17:00:00,26,NA,20.4993561425935,19.9777871924131,21.0197289634253
"987",2020-09-30 17:00:00,27,NA,40.6134487848893,40.2323345961173,40.9794981605684
"988",2020-09-30 17:00:00,28,NA,-2.99435803998487,-3.36221669306427,-2.62831256499104
"989",2020-09-30 17:00:00,29,NA,30.7169308474408,30.088843744638,31.4115034850684
"990",2020-09-30 17:00:00,30,NA,26.0160620491839,25.4076773042871,26.6243639868485
"991",2020-12-31 17:00:00,1,NA,-34.8990286547065,-35.1471350765111,-34.6502173538823
"992",2020-12-31 17:00:00,2,NA,19.5262567092969,19.0957323858319,19.9949297284353
"993",2020-12-31 17:00:00,3,NA,37.9390634956598,37.3808314953036,38.5553063584621
"994",2020-12-31 17:00:00,4,NA,18.4696506344327,18.0647437516738,18.8727413745314
"995",2020-12-31 17:00:00,5,NA,-36.9917546501945,-37.4382948388467,-36.5418733718213
"996",2020-12-31 17:00:00,6,NA,-7.41564908785683,-7.89032537739151,-6.97916499683586
"997",2020-12-31 17:00:00,7,NA,28.7895201438195,26.9035506116057,30.7350940528807
"998",2020-12-31 17:00:00,8,NA,-4.88163303360664,-5.07782625600342,-4.69539009797571
"999",2020-12-31 17:00:00,9,NA,12.7996273184206,12.3158935873014,13.3480441841179
"1000",2020-12-31 17:00:00,10,NA,7.83194768223129,7.20744470327294,8.47703259977052
"1001",2020-12-31 17:00:00,11,NA,-9.96397469631171,-10.3128842495007,-9.66667183208031
"1002",2020-12-31 17:00:00,12,NA,-21.7674548014377,-22.0134089493987,-21.5303201527773
"1003",2020-12-31 17:00:00,13,NA,-17.0387460386322,-17.3106044471524,-16.7828049433059
"1004",2020-12-31 17:00:00,14,NA,-17.5331660504117,-18.0147836910608,-16.9999382279229
"1005",2020-12-31 17:00:00,15,NA,-15.5436561276667,-15.7745445284193,-15.2906938364428
"1006",2020-12-31 17:00:00,16,NA,-21.6281231848898,-22.0858890569718,-21.2141228239048
"1007",2020-12-31 17:00:00,17,NA,-5.71800782779124,-5.97615808301942,-5.4608361718956
"1008",2020-12-31 17:00:00,18,NA,2.37584315435473,1.9038555845324,2.85322877093373
"1009",2020-12-31 17:00:00,19,NA,33.4088670101893,32.8867924965593,33.9081074079276
"1010",2020-12-31 17:00:00,20,NA,-2.95193156175347,-3.24839911307881,-2.64911619567935
"1011",2020-12-31 17:00:00,21,NA,-9.20450495336845,-9.36889646619224,-9.04703838648048
"1012",2020-12-31 17:00:00,22,NA,-25.4204141143921,-26.5588551974935,-24.1527004714052
"1013",2020-12-31 17:00:00,23,NA,-19.8282100871812,-20.1692713757929,-19.4834399096194
"1014",2020-12-31 17:00:00,24,NA,28.0401785264742,27.4475435721532,28.5825493304486
"1015",2020-12-31 17:00:00,25,NA,-18.8056564972634,-19.1856166566104,-18.2960570408095
"1016",2020-12-31 17:00:00,26,NA,20.985504007045,20.4043939436192,21.5154752645997
"1017",2020-12-31 17:00:00,27,NA,41.1122606631443,40.6910760725885,41.5242789347433
"1018",2020-12-31 17:00:00,28,NA,-2.61278574293332,-2.98606831508106,-2.24372900673831
"1019",2020-12-31 17:00:00,29,NA,31.4019475961857,30.6950643618674,32.0978422545614
"1020",2020-12-31 17:00:00,30,NA,26.6106089358782,25.9656106737355,27.2775090284837
